<?xml version="1.0" encoding="UTF-8"?>
<mods:mods xmlns:mods="http://www.loc.gov/mods/v3"
           xmlns:xsi="http://www.w3.org/2001/XMLSchema-instance"
           xmlns:xlink="http://www.w3.org/1999/xlink"
           xmlns:peel="http://peel.library.ualberta.ca/mods-extensions">
      <identifier xmlns="http://www.loc.gov/mods/v3" type="local">PC017284</identifier>
      <titleInfo xmlns="http://www.loc.gov/mods/v3" lang="english">
         <title>A MARKET GARDENERS START</title>
      </titleInfo>
      <typeOfResource xmlns="http://www.loc.gov/mods/v3">still image</typeOfResource>
      <genre xmlns="http://www.loc.gov/mods/v3" authority="gmgpc">postcards</genre>
      <name xmlns="http://www.loc.gov/mods/v3" type="personal">
         <namePart>MacMILLAN &amp; VOLLANS. The Real Estate Men</namePart>
         <role>
            <roleTerm type="text">Issuer</roleTerm>
         </role>
      </name>
      <language xmlns="http://www.loc.gov/mods/v3">
         <languageTerm type="text">English</languageTerm>
      </language>
      <subject xmlns="http://www.loc.gov/mods/v3">
         <hierarchicalGeographic>
            <country>Canada</country>
            <province>Manitoba</province>
            <city>Winnipeg</city>
         </hierarchicalGeographic>
      </subject>
      <physicalDescription xmlns="http://www.loc.gov/mods/v3">
         <extent>1 postcard: b&amp;w ; 9 x 14 cm</extent>
      </physicalDescription>
      <note xmlns="http://www.loc.gov/mods/v3" type="public_description">B&amp;w photograph of a farmhome and garden; foregrounded by two children, two horses, and three adults</note>
      <subject xmlns="http://www.loc.gov/mods/v3">
         <topic>Homesteading</topic>
      </subject>
      <subject xmlns="http://www.loc.gov/mods/v3">
         <topic>Real estate business</topic>
      </subject>
      <subject xmlns="http://www.loc.gov/mods/v3">
         <topic>Land development</topic>
      </subject>
      <subject xmlns="http://www.loc.gov/mods/v3">
         <topic>Farming</topic>
      </subject>
      <subject xmlns="http://www.loc.gov/mods/v3">
         <topic>Agriculture</topic>
      </subject>
      <subject xmlns="http://www.loc.gov/mods/v3">
         <topic>Land settlement--Canada</topic>
      </subject>
      <note xmlns="http://www.loc.gov/mods/v3" type="public_to">Gran. Ma.</note>
      <note xmlns="http://www.loc.gov/mods/v3" type="public_from">Ches &amp; Jim</note>
      <note xmlns="http://www.loc.gov/mods/v3" type="public_message">Dear Gran. Ma. To wish you a Happy Xmas and a bright new year. I guess you was surprised to hear that I was married. I am properly happy, and hope to remain so. We are in good health hoping the same for your-self. With love from Ches &amp; Jim xxx</note>
      <note xmlns="http://www.loc.gov/mods/v3" type="public_on_back">WEST WINNIPEG - THE 20TH CENTURY MONEY MAKER</note>
      <note xmlns="http://www.loc.gov/mods/v3" type="public_on_front">IN WEST WINNIPEG THE BEAUTIFUL MANUFACTURING, MARKET GARDEN AND SUBURBAN HOME DOWN ON THE G.T.P., C.P.R. AND C.N.R. RAILWAYS Get Maps, Plans, and Full Information from MacMILLAN &amp; VOLLANS. The Real Estate Men. WINNIPEG, MAN.</note>
      <note xmlns="http://www.loc.gov/mods/v3" type="public_other">,</note>
   </mods:mods>
