<?xml version="1.0" encoding="UTF-8"?>
<mods:mods xmlns:mods="http://www.loc.gov/mods/v3"
           xmlns:xsi="http://www.w3.org/2001/XMLSchema-instance"
           xmlns:xlink="http://www.w3.org/1999/xlink"
           xmlns:peel="http://peel.library.ualberta.ca/mods-extensions">
      <identifier xmlns="http://www.loc.gov/mods/v3" type="local">PC015313</identifier>
      <titleInfo xmlns="http://www.loc.gov/mods/v3" lang="english">
         <title>"IT PAYS TO GO ""UP IN THE AIR!"" IN WINNIPEG"</title>
      </titleInfo>
      <typeOfResource xmlns="http://www.loc.gov/mods/v3">still image</typeOfResource>
      <genre xmlns="http://www.loc.gov/mods/v3" authority="gmgpc">postcards</genre>
      <language xmlns="http://www.loc.gov/mods/v3">
         <languageTerm type="text">English</languageTerm>
      </language>
      <subject xmlns="http://www.loc.gov/mods/v3">
         <hierarchicalGeographic>
            <country>Canada</country>
            <province>Manitoba</province>
            <city>Winnipeg</city>
         </hierarchicalGeographic>
      </subject>
      <physicalDescription xmlns="http://www.loc.gov/mods/v3">
         <extent>1 postcard: b&amp;w ; 8.5 x 14 cm</extent>
      </physicalDescription>
      <note xmlns="http://www.loc.gov/mods/v3" type="public_description">B&amp;w photograph of a street in Winnipeg; has been manipulated to appear as if two airplanes are flying low within the city; a boy watches on</note>
      <subject xmlns="http://www.loc.gov/mods/v3">
         <topic>Collages</topic>
      </subject>
      <subject xmlns="http://www.loc.gov/mods/v3">
         <topic>Airplanes</topic>
      </subject>
      <subject xmlns="http://www.loc.gov/mods/v3">
         <topic>Streets</topic>
      </subject>
      <note xmlns="http://www.loc.gov/mods/v3" type="public_to">Mr. H. Roberts</note>
      <note xmlns="http://www.loc.gov/mods/v3" type="public_from">Lawea</note>
      <note xmlns="http://www.loc.gov/mods/v3" type="public_address">42 Hartington St. Barrow in Furness Lancashire England</note>
      <note xmlns="http://www.loc.gov/mods/v3" type="public_message">I wonder if you have forgotten all about me, any-way I will refresh your memory Harold. I am still alive, and was disappointed I did not see you to say good-bye. I may come over some-day you know &amp; should not like to think I was altogether forgotten. Lawea</note>
   </mods:mods>
