<?xml version="1.0" encoding="UTF-8"?>
<mods:mods xmlns:mods="http://www.loc.gov/mods/v3"
           xmlns:xsi="http://www.w3.org/2001/XMLSchema-instance"
           xmlns:xlink="http://www.w3.org/1999/xlink"
           xmlns:peel="http://peel.library.ualberta.ca/mods-extensions">
      <identifier xmlns="http://www.loc.gov/mods/v3" type="local">PC017921</identifier>
      <titleInfo xmlns="http://www.loc.gov/mods/v3" lang="english">
         <title>A RED RIVER CART AND A DUG-OUT</title>
      </titleInfo>
      <typeOfResource xmlns="http://www.loc.gov/mods/v3">still image</typeOfResource>
      <genre xmlns="http://www.loc.gov/mods/v3" authority="gmgpc">postcards</genre>
      <language xmlns="http://www.loc.gov/mods/v3">
         <languageTerm type="text">English</languageTerm>
      </language>
      <subject xmlns="http://www.loc.gov/mods/v3">
         <hierarchicalGeographic>
            <country>Canada</country>
            <province>Saskatchewan</province>
            <city>Qu'Appelle</city>
         </hierarchicalGeographic>
      </subject>
      <physicalDescription xmlns="http://www.loc.gov/mods/v3">
         <extent>1 postcard: b&amp;w ; 8.7 x 13.7 cm</extent>
      </physicalDescription>
      <note xmlns="http://www.loc.gov/mods/v3" type="public_description">B&amp;w photograph of a red river cart and a dug-out home in Qu'Appelle, Saskatchewan</note>
      <subject xmlns="http://www.loc.gov/mods/v3">
         <topic>Homesteading</topic>
      </subject>
      <subject xmlns="http://www.loc.gov/mods/v3">
         <topic>Land settlement--Canada</topic>
      </subject>
      <note xmlns="http://www.loc.gov/mods/v3" type="public_on_front">600,000 Settlers are expected to enter Canada next year, many of whom will settle in the Diocese of Qu'Appelle. This Diocese is endeavouring to provide the Church's ministrations for its ever-increasing population, and needs much help. Information about the work is to be found in THE OCCASIONAL PAPER of the Qu'Appelle Association, which may be obtained (1s. per annum, post free) from Rev. ARTHUR KRAUSS, Pirbright Vicarage, Surrey ; or, W. MAURICE ADAMS, ""Heatherhurst,"" Brookwood, Surrey.</note>
      <note xmlns="http://www.loc.gov/mods/v3" type="public_other">,</note>
   </mods:mods>
