<?xml version="1.0" encoding="UTF-8"?>
<mods:mods xmlns:mods="http://www.loc.gov/mods/v3"
           xmlns:xsi="http://www.w3.org/2001/XMLSchema-instance"
           xmlns:xlink="http://www.w3.org/1999/xlink"
           xmlns:peel="http://peel.library.ualberta.ca/mods-extensions">
      <identifier xmlns="http://www.loc.gov/mods/v3" type="local">PC016217</identifier>
      <titleInfo xmlns="http://www.loc.gov/mods/v3" lang="english">
         <title>LOADING TOMATOES FOR SHIPMENT WINNIPEG, MANITOBA</title>
      </titleInfo>
      <typeOfResource xmlns="http://www.loc.gov/mods/v3">still image</typeOfResource>
      <genre xmlns="http://www.loc.gov/mods/v3" authority="gmgpc">postcards</genre>
      <name xmlns="http://www.loc.gov/mods/v3" type="corporate">
         <namePart>Canadian Post Card Co.</namePart>
         <role>
            <roleTerm type="text">Publisher</roleTerm>
         </role>
      </name>
      <language xmlns="http://www.loc.gov/mods/v3">
         <languageTerm type="text">English</languageTerm>
      </language>
      <subject xmlns="http://www.loc.gov/mods/v3">
         <hierarchicalGeographic>
            <country>Canada</country>
            <province>Manitoba</province>
            <city>Winnipeg</city>
         </hierarchicalGeographic>
      </subject>
      <physicalDescription xmlns="http://www.loc.gov/mods/v3">
         <extent>1 postcard: b&amp;w ; 8.7 x 13.7 cm</extent>
      </physicalDescription>
      <note xmlns="http://www.loc.gov/mods/v3" type="public_description">B&amp;w photograph appearing to depict a man loading giant tomatoes onto a train bed</note>
      <subject xmlns="http://www.loc.gov/mods/v3">
         <topic>Collages</topic>
      </subject>
      <subject xmlns="http://www.loc.gov/mods/v3">
         <topic>Tomatoes</topic>
      </subject>
      <subject xmlns="http://www.loc.gov/mods/v3">
         <topic>Transportation</topic>
      </subject>
      <subject xmlns="http://www.loc.gov/mods/v3">
         <topic>Trains</topic>
      </subject>
      <note xmlns="http://www.loc.gov/mods/v3" type="public_to">Lelter &amp; Paul</note>
      <note xmlns="http://www.loc.gov/mods/v3" type="public_message">Dear Lelter &amp; Paul Glad to hear you are both able to get away on a holiday trip, we trust you will enjoy every minute of the time you are away &amp; will feel much refreshed in your return Many thanks for Birthday rememberance, good of you to think of me like this. The sox were much needed as well, had worn out the heels &amp; toes of all mine. Sorry we had to miss our visit to Baskerville this year, the work around the house kept me busy and staggered the [b]ank well. The summer here has been very</note>
      <note xmlns="http://www.loc.gov/mods/v3" type="public_on_back">Writte in m.s.: Nov. 2/5[3]1</note>
      <note xmlns="http://www.loc.gov/mods/v3" type="public_on_front">16</note>
   </mods:mods>
