<?xml version="1.0" encoding="UTF-8"?>
<mods:mods xmlns:mods="http://www.loc.gov/mods/v3"
           xmlns:xsi="http://www.w3.org/2001/XMLSchema-instance"
           xmlns:xlink="http://www.w3.org/1999/xlink"
           xmlns:peel="http://peel.library.ualberta.ca/mods-extensions">
      <identifier xmlns="http://www.loc.gov/mods/v3" type="local">PC014993</identifier>
      <titleInfo xmlns="http://www.loc.gov/mods/v3" lang="english">
         <title>GRANUM ALBERTA: THEY HAVE LOTS TO [CROW] ABOUT AROUND HERE</title>
      </titleInfo>
      <typeOfResource xmlns="http://www.loc.gov/mods/v3">still image</typeOfResource>
      <genre xmlns="http://www.loc.gov/mods/v3" authority="gmgpc">postcards</genre>
      <language xmlns="http://www.loc.gov/mods/v3">
         <languageTerm type="text">English</languageTerm>
      </language>
      <subject xmlns="http://www.loc.gov/mods/v3">
         <hierarchicalGeographic>
            <country>Canada</country>
            <province>Alberta</province>
            <city>Granum</city>
         </hierarchicalGeographic>
      </subject>
      <physicalDescription xmlns="http://www.loc.gov/mods/v3">
         <extent>1 postcard: col. ; 8.7 x 14 cm</extent>
      </physicalDescription>
      <note xmlns="http://www.loc.gov/mods/v3" type="public_description">Small illustration of a crow on the left side of the card, the right is filled with a typed message</note>
      <subject xmlns="http://www.loc.gov/mods/v3">
         <topic>Agriculture</topic>
      </subject>
      <subject xmlns="http://www.loc.gov/mods/v3">
         <topic>Grains</topic>
      </subject>
      <subject xmlns="http://www.loc.gov/mods/v3">
         <topic>Harvesting</topic>
      </subject>
      <subject xmlns="http://www.loc.gov/mods/v3">
         <topic>Farming</topic>
      </subject>
      <subject xmlns="http://www.loc.gov/mods/v3">
         <topic>Fairs</topic>
      </subject>
      <subject xmlns="http://www.loc.gov/mods/v3">
         <topic>Land settlement--Canada</topic>
      </subject>
      <note xmlns="http://www.loc.gov/mods/v3" type="public_to">Mr. Ora. Sonner</note>
      <note xmlns="http://www.loc.gov/mods/v3" type="public_from">D.L. Morrow</note>
      <note xmlns="http://www.loc.gov/mods/v3" type="public_address">Cody Wyo U.S.A.</note>
      <note xmlns="http://www.loc.gov/mods/v3" type="public_message">Hello Sonny Are you still alive if so write and tell me Yours Truly D.L. Morrow Granum, Alta</note>
      <note xmlns="http://www.loc.gov/mods/v3" type="public_postmark_date">GRANUM JUL 27 0[3]</note>
      <note xmlns="http://www.loc.gov/mods/v3" type="public_on_front">Dear Folks:- I have just seen the Granum ex-hibit at the Dominion Fair, Calgary. Say, they must have a great district. Wheat goes as high as 60 bushel to the acre and from 30 to 40 is common. Oats yield from 40 to 100 bushel and barley 30 to 50 bushel. You should see the grand display of native and tame grasses and also clovers and alfalfa. Vegetables do well there. If you are in-terested write to the Sec. Board of Trade, Granum, Alta. Sincerely yours,</note>
   </mods:mods>
