<?xml version="1.0" encoding="UTF-8"?>
<mods:mods xmlns:mods="http://www.loc.gov/mods/v3"
           xmlns:xsi="http://www.w3.org/2001/XMLSchema-instance"
           xmlns:xlink="http://www.w3.org/1999/xlink"
           xmlns:peel="http://peel.library.ualberta.ca/mods-extensions">
      <identifier xmlns="http://www.loc.gov/mods/v3" type="local">PC018859</identifier>
      <titleInfo xmlns="http://www.loc.gov/mods/v3" lang="english">
         <title>A SUBURBAN HOME</title>
      </titleInfo>
      <typeOfResource xmlns="http://www.loc.gov/mods/v3">still image</typeOfResource>
      <genre xmlns="http://www.loc.gov/mods/v3" authority="gmgpc">postcards</genre>
      <name xmlns="http://www.loc.gov/mods/v3" type="personal">
         <namePart>MacMILLAN &amp; VOLLANS. The Real Estate Men</namePart>
         <role>
            <roleTerm type="text">Issuer</roleTerm>
         </role>
      </name>
      <language xmlns="http://www.loc.gov/mods/v3">
         <languageTerm type="text">English</languageTerm>
      </language>
      <subject xmlns="http://www.loc.gov/mods/v3">
         <hierarchicalGeographic>
            <country>Canada</country>
            <province>Manitoba</province>
            <city>Winnipeg</city>
         </hierarchicalGeographic>
      </subject>
      <physicalDescription xmlns="http://www.loc.gov/mods/v3">
         <extent>1 postcard: sepia ; 8.7 x 14 cm</extent>
      </physicalDescription>
      <note xmlns="http://www.loc.gov/mods/v3" type="public_description">B&amp;w photograph of a suburban home in Winnipeg, Manitoba</note>
      <subject xmlns="http://www.loc.gov/mods/v3">
         <topic>Homesteading</topic>
      </subject>
      <subject xmlns="http://www.loc.gov/mods/v3">
         <topic>Real estate business</topic>
      </subject>
      <subject xmlns="http://www.loc.gov/mods/v3">
         <topic>Land development</topic>
      </subject>
      <subject xmlns="http://www.loc.gov/mods/v3">
         <topic>Houses</topic>
      </subject>
      <subject xmlns="http://www.loc.gov/mods/v3">
         <topic>Land settlement--Canada</topic>
      </subject>
      <note xmlns="http://www.loc.gov/mods/v3" type="public_to">""Mary"</note>
      <note xmlns="http://www.loc.gov/mods/v3" type="public_from">Dick</note>
      <note xmlns="http://www.loc.gov/mods/v3" type="public_address">12 Park Avenue Wood Green. London N. England</note>
      <note xmlns="http://www.loc.gov/mods/v3" type="public_message">Hope you are a girl &amp; taking just care of the master. We are having very [text obscured] weather now [+] [text obscured] fell about 150 meters from here yesterday. Dick. 27/9/08</note>
      <note xmlns="http://www.loc.gov/mods/v3" type="public_postmark_date">WINNIPEG, MAN SEP 29 2-PM 1908 ; WINNIPEG MAN SEP 29 2-PM 1908</note>
      <note xmlns="http://www.loc.gov/mods/v3" type="public_on_back">WEST WINNIPEG - THE 20TH CENTURY MONEY MAKER</note>
      <note xmlns="http://www.loc.gov/mods/v3" type="public_on_front">IN WEST WINNIPEG THE BEAUTIFUL Manufacturing, Market Garden and Suburban Home Down on the G.T.P., C.P.R. and C.N.R. Railways Get Maps, Plans, and Full Information from MacMILLAN &amp; VOLLANS. The Real Estate Men. WINNIPEG, MAN.,</note>
   </mods:mods>
