<?xml version="1.0" encoding="UTF-8"?>
<mods:mods xmlns:mods="http://www.loc.gov/mods/v3"
           xmlns:xsi="http://www.w3.org/2001/XMLSchema-instance"
           xmlns:xlink="http://www.w3.org/1999/xlink"
           xmlns:peel="http://peel.library.ualberta.ca/mods-extensions">
      <identifier xmlns="http://www.loc.gov/mods/v3" type="local">PC018373</identifier>
      <titleInfo xmlns="http://www.loc.gov/mods/v3" lang="english">
         <title>FIVE MEN STANDING IN THE FIELD</title>
      </titleInfo>
      <typeOfResource xmlns="http://www.loc.gov/mods/v3">still image</typeOfResource>
      <genre xmlns="http://www.loc.gov/mods/v3" authority="gmgpc">postcards</genre>
      <name xmlns="http://www.loc.gov/mods/v3" type="personal">
         <namePart>Edmonton Board of Trade</namePart>
         <role>
            <roleTerm type="text">Issuer</roleTerm>
         </role>
      </name>
      <language xmlns="http://www.loc.gov/mods/v3">
         <languageTerm type="text">English</languageTerm>
      </language>
      <physicalDescription xmlns="http://www.loc.gov/mods/v3">
         <extent>1 postcard: b&amp;w ; 8.5 x 14 cm</extent>
      </physicalDescription>
      <note xmlns="http://www.loc.gov/mods/v3" type="public_description">B&amp;w photograph shows five farmers standing over a sizable bed of potatoes</note>
      <subject xmlns="http://www.loc.gov/mods/v3">
         <topic>Homesteading</topic>
      </subject>
      <subject xmlns="http://www.loc.gov/mods/v3">
         <topic>Land development</topic>
      </subject>
      <subject xmlns="http://www.loc.gov/mods/v3">
         <topic>Agriculture</topic>
      </subject>
      <subject xmlns="http://www.loc.gov/mods/v3">
         <topic>Farming</topic>
      </subject>
      <subject xmlns="http://www.loc.gov/mods/v3">
         <topic>Potatoes</topic>
      </subject>
      <subject xmlns="http://www.loc.gov/mods/v3">
         <topic>Land settlement--Canada</topic>
      </subject>
      <note xmlns="http://www.loc.gov/mods/v3" type="public_to">The Secretary of the Edmonton Board of Trade</note>
      <note xmlns="http://www.loc.gov/mods/v3" type="public_from">The Secretary of the Edmonton Board of Trade</note>
      <note xmlns="http://www.loc.gov/mods/v3" type="public_address">Edmonton, Canada</note>
      <note xmlns="http://www.loc.gov/mods/v3" type="public_message">I want to know about the resources of CENTRAL ALBERTA Please send me illustrated descriptive pamphlet Name ___ Address ___ Occupation ___</note>
      <note xmlns="http://www.loc.gov/mods/v3" type="public_on_front">[OVER]</note>
      <note xmlns="http://www.loc.gov/mods/v3" type="public_other">,</note>
   </mods:mods>
