<?xml version="1.0" encoding="UTF-8"?>
<mods:mods xmlns:mods="http://www.loc.gov/mods/v3"
           xmlns:xsi="http://www.w3.org/2001/XMLSchema-instance"
           xmlns:xlink="http://www.w3.org/1999/xlink"
           xmlns:peel="http://peel.library.ualberta.ca/mods-extensions">
      <identifier xmlns="http://www.loc.gov/mods/v3" type="local">PC029976</identifier>
      <titleInfo xmlns="http://www.loc.gov/mods/v3" lang="english">
         <title>WE ARE FEELING PRETTY FOXY AT CALGARY.</title>
      </titleInfo>
      <typeOfResource xmlns="http://www.loc.gov/mods/v3">still image</typeOfResource>
      <genre xmlns="http://www.loc.gov/mods/v3" authority="gmgpc">postcards</genre>
      <language xmlns="http://www.loc.gov/mods/v3">
         <languageTerm type="text">English</languageTerm>
      </language>
      <subject xmlns="http://www.loc.gov/mods/v3">
         <hierarchicalGeographic>
            <country>Canada</country>
            <province>Alberta</province>
            <city>Calgary</city>
         </hierarchicalGeographic>
      </subject>
      <physicalDescription xmlns="http://www.loc.gov/mods/v3">
         <extent>1 postcard: sepia ; 8.7 x 13.7 cm</extent>
      </physicalDescription>
      <note xmlns="http://www.loc.gov/mods/v3" type="public_description">B&amp;w photograph manipulated to look as if a building-sized fox is standing on a streetcar</note>
      <subject xmlns="http://www.loc.gov/mods/v3">
         <topic>Collages</topic>
      </subject>
      <subject xmlns="http://www.loc.gov/mods/v3">
         <topic>Streets</topic>
      </subject>
      <subject xmlns="http://www.loc.gov/mods/v3">
         <topic>Foxes</topic>
      </subject>
      <subject xmlns="http://www.loc.gov/mods/v3">
         <topic>Street railroads</topic>
      </subject>
      <note xmlns="http://www.loc.gov/mods/v3" type="public_to">Miss Monaish</note>
      <note xmlns="http://www.loc.gov/mods/v3" type="public_from">Mil</note>
      <note xmlns="http://www.loc.gov/mods/v3" type="public_address">Highland Creek Out</note>
      <note xmlns="http://www.loc.gov/mods/v3" type="public_message">Calgary Jan 14 '10 How are [the] pins these days Mil</note>
      <note xmlns="http://www.loc.gov/mods/v3" type="public_postmark_date">CALGARY ALTA JAN 31 12-M 1910</note>
      <note xmlns="http://www.loc.gov/mods/v3" type="public_on_back">Written in m.s.: Although I had sent this ages ago, I also had one in my pocket to Mae, John, Ed.</note>
   </mods:mods>
