<?xml version="1.0" encoding="UTF-8"?>
<mods:mods xmlns:mods="http://www.loc.gov/mods/v3"
           xmlns:xsi="http://www.w3.org/2001/XMLSchema-instance"
           xmlns:xlink="http://www.w3.org/1999/xlink"
           xmlns:peel="http://peel.library.ualberta.ca/mods-extensions">
      <identifier xmlns="http://www.loc.gov/mods/v3" type="local">PC026850</identifier>
      <titleInfo xmlns="http://www.loc.gov/mods/v3" lang="english">
         <title>THRESHING GRAIN IN CANADA</title>
      </titleInfo>
      <typeOfResource xmlns="http://www.loc.gov/mods/v3">still image</typeOfResource>
      <genre xmlns="http://www.loc.gov/mods/v3" authority="gmgpc">postcards</genre>
      <name xmlns="http://www.loc.gov/mods/v3" type="personal">
         <namePart>Canadian Department of Emigration</namePart>
         <role>
            <roleTerm type="text">Issuer</roleTerm>
         </role>
      </name>
      <language xmlns="http://www.loc.gov/mods/v3">
         <languageTerm type="text">English</languageTerm>
      </language>
      <physicalDescription xmlns="http://www.loc.gov/mods/v3">
         <extent>1 postcard: b&amp;w ; 9 x 14 cm</extent>
      </physicalDescription>
      <note xmlns="http://www.loc.gov/mods/v3" type="public_description">B&amp;w photograph of a threshing gang set to work; black smoke billows out the chimney of a threshing machine</note>
      <subject xmlns="http://www.loc.gov/mods/v3">
         <topic>Agriculture</topic>
      </subject>
      <subject xmlns="http://www.loc.gov/mods/v3">
         <topic>Threshing</topic>
      </subject>
      <subject xmlns="http://www.loc.gov/mods/v3">
         <topic>Threshing machines</topic>
      </subject>
      <subject xmlns="http://www.loc.gov/mods/v3">
         <topic>Grains</topic>
      </subject>
      <subject xmlns="http://www.loc.gov/mods/v3">
         <topic>Land settlement--Canada</topic>
      </subject>
      <note xmlns="http://www.loc.gov/mods/v3" type="public_on_front">The wheat harvest alone amounts to almost 500,000,000 bushels.</note>
      <note xmlns="http://www.loc.gov/mods/v3" type="public_other">,</note>
   </mods:mods>
