<?xml version="1.0" encoding="UTF-8"?>
<mods:mods xmlns:mods="http://www.loc.gov/mods/v3"
           xmlns:xsi="http://www.w3.org/2001/XMLSchema-instance"
           xmlns:xlink="http://www.w3.org/1999/xlink"
           xmlns:peel="http://peel.library.ualberta.ca/mods-extensions">
      <identifier xmlns="http://www.loc.gov/mods/v3" type="local">PC020228</identifier>
      <titleInfo xmlns="http://www.loc.gov/mods/v3" lang="english">
         <title>GEE! BUT IT MAKES ME SAD TO THINK OF LEAVING WINNIPEG, MAN.</title>
      </titleInfo>
      <typeOfResource xmlns="http://www.loc.gov/mods/v3">still image</typeOfResource>
      <genre xmlns="http://www.loc.gov/mods/v3" authority="gmgpc">postcards</genre>
      <language xmlns="http://www.loc.gov/mods/v3">
         <languageTerm type="text">English</languageTerm>
      </language>
      <subject xmlns="http://www.loc.gov/mods/v3">
         <hierarchicalGeographic>
            <country>Canada</country>
            <province>Manitoba</province>
            <city>Winnipeg</city>
         </hierarchicalGeographic>
      </subject>
      <physicalDescription xmlns="http://www.loc.gov/mods/v3">
         <extent>1 postcard : col. ; 9 x 14 cm</extent>
      </physicalDescription>
      <note xmlns="http://www.loc.gov/mods/v3" type="public_description">Illustration depicting a man and a woman with oversized heads sitting on the bank of a body of water</note>
      <subject xmlns="http://www.loc.gov/mods/v3">
         <topic>Cities &amp; towns</topic>
      </subject>
      <subject xmlns="http://www.loc.gov/mods/v3">
         <topic>Pennants</topic>
      </subject>
      <subject xmlns="http://www.loc.gov/mods/v3">
         <topic>Tourism</topic>
      </subject>
      <note xmlns="http://www.loc.gov/mods/v3" type="public_to">Miss Dagny Nilson</note>
      <note xmlns="http://www.loc.gov/mods/v3" type="public_from">Christine</note>
      <note xmlns="http://www.loc.gov/mods/v3" type="public_address">Clan William Box 24 Man.</note>
      <note xmlns="http://www.loc.gov/mods/v3" type="public_message">Dear Sister. Thank you for your letter, now Arthur is soon coming up to see you, What did you think of his picture, It has been raining dow[n] h[er]e [for days] good[bye] [write] again. [?] Christine X X X X from Arthur</note>
      <note xmlns="http://www.loc.gov/mods/v3" type="public_postmark_date">WINNIPEG MAN JUN 7 5:30 AM 7</note>
      <note xmlns="http://www.loc.gov/mods/v3" type="public_on_back">Written in ms.: June 5</note>
   </mods:mods>
