<?xml version="1.0" encoding="UTF-8"?>
<mods:mods xmlns:mods="http://www.loc.gov/mods/v3"
           xmlns:xsi="http://www.w3.org/2001/XMLSchema-instance"
           xmlns:xlink="http://www.w3.org/1999/xlink"
           xmlns:peel="http://peel.library.ualberta.ca/mods-extensions">
      <identifier xmlns="http://www.loc.gov/mods/v3" type="local">PC020227</identifier>
      <titleInfo xmlns="http://www.loc.gov/mods/v3" lang="english">
         <title>WHY DONT YOU COME TO WINNIPEG AND RUNABOUT THE TOWN WITH ME</title>
      </titleInfo>
      <typeOfResource xmlns="http://www.loc.gov/mods/v3">still image</typeOfResource>
      <genre xmlns="http://www.loc.gov/mods/v3" authority="gmgpc">postcards</genre>
      <language xmlns="http://www.loc.gov/mods/v3">
         <languageTerm type="text">English</languageTerm>
      </language>
      <subject xmlns="http://www.loc.gov/mods/v3">
         <hierarchicalGeographic>
            <country>Canada</country>
            <province>Manitoba</province>
            <city>Winnipeg</city>
         </hierarchicalGeographic>
      </subject>
      <physicalDescription xmlns="http://www.loc.gov/mods/v3">
         <extent>1 postcard : col. ; 9 x 14 cm</extent>
      </physicalDescription>
      <note xmlns="http://www.loc.gov/mods/v3" type="public_description">Illustration of a woman driving a car with a flag with 'WINNIPEG' written on it</note>
      <subject xmlns="http://www.loc.gov/mods/v3">
         <topic>Cities &amp; towns</topic>
      </subject>
      <subject xmlns="http://www.loc.gov/mods/v3">
         <topic>Women</topic>
      </subject>
      <subject xmlns="http://www.loc.gov/mods/v3">
         <topic>Automobiles</topic>
      </subject>
      <subject xmlns="http://www.loc.gov/mods/v3">
         <topic>Pennants</topic>
      </subject>
      <subject xmlns="http://www.loc.gov/mods/v3">
         <topic>Tourism</topic>
      </subject>
      <note xmlns="http://www.loc.gov/mods/v3" type="public_to">Miss Dagny Nilson</note>
      <note xmlns="http://www.loc.gov/mods/v3" type="public_from">Christine</note>
      <note xmlns="http://www.loc.gov/mods/v3" type="public_address">Clan William Man. Box 24</note>
      <note xmlns="http://www.loc.gov/mods/v3" type="public_message">Dear sister got your card thank you for it, agnes is down to see us to night, how are you all at home. goodbye, Christine Write soon</note>
      <note xmlns="http://www.loc.gov/mods/v3" type="public_postmark_date">WINNIPEG, MAN MAR 7 5-AM 1913</note>
      <note xmlns="http://www.loc.gov/mods/v3" type="public_on_back">Written in ms.: Winnipeg March 6</note>
   </mods:mods>
