<?xml version="1.0" encoding="UTF-8"?>
<mods:mods xmlns:mods="http://www.loc.gov/mods/v3"
           xmlns:xsi="http://www.w3.org/2001/XMLSchema-instance"
           xmlns:xlink="http://www.w3.org/1999/xlink"
           xmlns:peel="http://peel.library.ualberta.ca/mods-extensions">
      <identifier xmlns="http://www.loc.gov/mods/v3" type="local">PC026853</identifier>
      <titleInfo xmlns="http://www.loc.gov/mods/v3" lang="english">
         <title>In the Wheat Fields of Saskatchewan CANADA'S GOLDEN WEST</title>
      </titleInfo>
      <typeOfResource xmlns="http://www.loc.gov/mods/v3">still image</typeOfResource>
      <genre xmlns="http://www.loc.gov/mods/v3" authority="gmgpc">postcards</genre>
      <name xmlns="http://www.loc.gov/mods/v3" type="corporate">
         <namePart>Valentine &amp; Sons</namePart>
         <role>
            <roleTerm type="text">Publisher</roleTerm>
         </role>
      </name>
      <originInfo xmlns="http://www.loc.gov/mods/v3">
         <issuance>monographic</issuance>
         <publisher>Valentine &amp; Sons</publisher>
         <dateIssued qualifier="approximate">1910s</dateIssued>
      </originInfo>
      <language xmlns="http://www.loc.gov/mods/v3">
         <languageTerm type="text">English</languageTerm>
      </language>
      <subject xmlns="http://www.loc.gov/mods/v3">
         <hierarchicalGeographic>
            <country>Canada</country>
            <province>Saskatchewan</province>
            <city/>
         </hierarchicalGeographic>
      </subject>
      <physicalDescription xmlns="http://www.loc.gov/mods/v3">
         <extent>1 postcard: col. ; 8.5 x 13.7 cm</extent>
      </physicalDescription>
      <note xmlns="http://www.loc.gov/mods/v3" type="public_description">Coloured photograph of an automobile on a prairie lane; surrounded by a golden border with maple leaves</note>
      <subject xmlns="http://www.loc.gov/mods/v3">
         <topic>Agriculture</topic>
      </subject>
      <subject xmlns="http://www.loc.gov/mods/v3">
         <topic>Harvesting</topic>
      </subject>
      <subject xmlns="http://www.loc.gov/mods/v3">
         <topic>Farming</topic>
      </subject>
      <subject xmlns="http://www.loc.gov/mods/v3">
         <topic>Land settlement--Canada</topic>
      </subject>
      <note xmlns="http://www.loc.gov/mods/v3" type="public_to">Mr A Ca[mpbell]</note>
      <note xmlns="http://www.loc.gov/mods/v3" type="public_from">M.G.</note>
      <note xmlns="http://www.loc.gov/mods/v3" type="public_address">168 Gl-George. St Hillhead Glasgow Scotland</note>
      <note xmlns="http://www.loc.gov/mods/v3" type="public_message">Nov 30th I hope to write you next week, we are all well. I trust Miss Machiccan And your-self is alright. [u]e[y] this weather M.G.</note>
      <note xmlns="http://www.loc.gov/mods/v3" type="public_postmark_date">COURTENAY PM NO 30 12 B.C.</note>
      <note xmlns="http://www.loc.gov/mods/v3" type="public_on_front">Written on photograph: 103,776 J.V.</note>
      <note xmlns="http://www.loc.gov/mods/v3" type="public_other">,</note>
   </mods:mods>
