<?xml version="1.0" encoding="UTF-8"?>
<mods:mods xmlns:mods="http://www.loc.gov/mods/v3"
           xmlns:xsi="http://www.w3.org/2001/XMLSchema-instance"
           xmlns:xlink="http://www.w3.org/1999/xlink"
           xmlns:peel="http://peel.library.ualberta.ca/mods-extensions">
      <identifier xmlns="http://www.loc.gov/mods/v3" type="local">PC027289</identifier>
      <titleInfo xmlns="http://www.loc.gov/mods/v3" lang="english">
         <title>SCENE ON THE ROAD NEAR WINNIPEG, MAN. WE NEVER STOP</title>
      </titleInfo>
      <typeOfResource xmlns="http://www.loc.gov/mods/v3">still image</typeOfResource>
      <genre xmlns="http://www.loc.gov/mods/v3" authority="gmgpc">postcards</genre>
      <name xmlns="http://www.loc.gov/mods/v3" type="corporate">
         <namePart>R.B. JOHNSON</namePart>
         <role>
            <roleTerm type="text">Publisher</roleTerm>
         </role>
      </name>
      <originInfo xmlns="http://www.loc.gov/mods/v3">
         <issuance>monographic</issuance>
         <publisher>R.B. JOHNSON</publisher>
         <dateIssued qualifier="approximate">1915</dateIssued>
      </originInfo>
      <language xmlns="http://www.loc.gov/mods/v3">
         <languageTerm type="text">English</languageTerm>
      </language>
      <subject xmlns="http://www.loc.gov/mods/v3">
         <hierarchicalGeographic>
            <country>Canada</country>
            <province>Manitoba</province>
            <city>Winnipeg</city>
         </hierarchicalGeographic>
      </subject>
      <physicalDescription xmlns="http://www.loc.gov/mods/v3">
         <extent>1 postcard: b&amp;w ; 8.5 x 13.5 cm</extent>
      </physicalDescription>
      <note xmlns="http://www.loc.gov/mods/v3" type="public_description">B&amp;w photograph altered to look as if a man is driving an automobile into a group of cows</note>
      <subject xmlns="http://www.loc.gov/mods/v3">
         <topic>Collages</topic>
      </subject>
      <subject xmlns="http://www.loc.gov/mods/v3">
         <topic>Automobiles</topic>
      </subject>
      <subject xmlns="http://www.loc.gov/mods/v3">
         <topic>Cows</topic>
      </subject>
      <note xmlns="http://www.loc.gov/mods/v3" type="public_to">Miss Florence Cain</note>
      <note xmlns="http://www.loc.gov/mods/v3" type="public_from">Billy</note>
      <note xmlns="http://www.loc.gov/mods/v3" type="public_address">1724 Davie St. Vancouver B.C.</note>
      <note xmlns="http://www.loc.gov/mods/v3" type="public_message">Winnipeg July 3/17 Dear Florence: Hope you are all well &amp; having a good time, you want to comedown &amp; visit autie during your holidays, hope you passed your exams OK. [Don't] know how long we will be here yet. Love to all On Laren Hotel Billy</note>
      <note xmlns="http://www.loc.gov/mods/v3" type="public_postmark_date">WINNIPEG, MAN. JUL -PM 1917</note>
      <note xmlns="http://www.loc.gov/mods/v3" type="public_other">,</note>
   </mods:mods>
