<?xml version="1.0" encoding="UTF-8"?>
<mods:mods xmlns:mods="http://www.loc.gov/mods/v3"
           xmlns:xsi="http://www.w3.org/2001/XMLSchema-instance"
           xmlns:xlink="http://www.w3.org/1999/xlink"
           xmlns:peel="http://peel.library.ualberta.ca/mods-extensions">
      <identifier xmlns="http://www.loc.gov/mods/v3" type="local">PC029377</identifier>
      <titleInfo xmlns="http://www.loc.gov/mods/v3" lang="english">
         <title>Main St. FILLMORE Sask</title>
      </titleInfo>
      <typeOfResource xmlns="http://www.loc.gov/mods/v3">still image</typeOfResource>
      <genre xmlns="http://www.loc.gov/mods/v3" authority="gmgpc">postcards</genre>
      <name xmlns="http://www.loc.gov/mods/v3" type="corporate">
         <namePart>Illustrated Post Card Co.</namePart>
         <role>
            <roleTerm type="text">Publisher</roleTerm>
         </role>
      </name>
      <language xmlns="http://www.loc.gov/mods/v3">
         <languageTerm type="text">English</languageTerm>
      </language>
      <subject xmlns="http://www.loc.gov/mods/v3">
         <hierarchicalGeographic>
            <country>Canada</country>
            <province>Saskatchewan</province>
            <city>Fillmore</city>
         </hierarchicalGeographic>
      </subject>
      <physicalDescription xmlns="http://www.loc.gov/mods/v3">
         <extent>1 postcard: b&amp;w ; 8.7 x 14 cm</extent>
      </physicalDescription>
      <note xmlns="http://www.loc.gov/mods/v3" type="public_description">B&amp;w photograph of the main street in Fillmore, Saskatchewan</note>
      <subject xmlns="http://www.loc.gov/mods/v3">
         <topic>Farming</topic>
      </subject>
      <subject xmlns="http://www.loc.gov/mods/v3">
         <topic>Land development</topic>
      </subject>
      <subject xmlns="http://www.loc.gov/mods/v3">
         <topic>Land settlement--Canada</topic>
      </subject>
      <note xmlns="http://www.loc.gov/mods/v3" type="public_to">Joseph Louchotte</note>
      <note xmlns="http://www.loc.gov/mods/v3" type="public_address">Mutrie Via Fillmore Sask. Canada</note>
      <note xmlns="http://www.loc.gov/mods/v3" type="public_message">Mon cher Constant, J'ai été a Wolseley la semaine derneire [sic], et j'ai appris avec chagrin que 3 de tes enfants étaient malade aussi que Marguerite, j'espère que ce ne sera pas grand chose et je souhaite de tous [sic] mon coeur qu'ils se rétablisse bientôt. J'ai aussi vu le portrait de ta famille(.) J'aimerais bien en avoir aussi un si toutefois tu en avait encore ça me ferait bien plaisir. En ce moment je suis occupé a faire une nouvelle maison, je t'enverrais le portrait de ma maison quand elle sera terminée, il y a bien longtemps que je t'avait donner de mes nouvelles, je te donnerai une plus longue lettre bientôt avec plus de détail et j'espère quand tu recevra cette carte vous serais [sic] tous en bonne santé. Je termine en t’embrassant de grand coeur. Fillmore est la ville la plus proche de chez moi. Mes meilleure amittié [sic] a [sic] ta famille, J. L.</note>
      <note xmlns="http://www.loc.gov/mods/v3" type="public_on_back">Written in m.s.: Mutrie le 5 Octobre 1907</note>
      <note xmlns="http://www.loc.gov/mods/v3" type="public_on_front">FILLMORE is situated in the heart of the finest wheat growing section of Saskatchewan. Being about midway between Arcola and Regina its train service is unsurpassed. Excellent connection can be made with the east or west daily. Winnipeg dailies are received here the same day as published. This is the home of the famous steam plow; these massive machines, drawing from eight to twelve plows turn over 25 to 50 acres of the virgin soil per day. Thousands of acres of the finest wheat growing farms for sale at reasonable prices.</note>
      <note xmlns="http://www.loc.gov/mods/v3" type="public_other">English translation: My dear Constant, I was in Wolseley the week before [sic], and I learned with sorrow that 3 of your children were sick as well as Marguerite, I hope it will not be much and I wish everyone [sic] my heart that they will recover soon. I also saw the portrait of your family (.) I would also like to have one if you still had it would make me very happy. At this moment I am busy making a new house, I will send you the portrait of my house when it is finished, it is a long time since I gave you my news, I will give you a longer letter soon with more detail and I hope when you receive this card you would be [sic] all healthy. I finish kissing you with a big heart. Fillmore is the closest town to my home. My best friends [sic] to your family, J. L.</note>
   </mods:mods>
