<?xml version="1.0" encoding="UTF-8"?>
<mods:mods xmlns:mods="http://www.loc.gov/mods/v3"
           xmlns:xsi="http://www.w3.org/2001/XMLSchema-instance"
           xmlns:xlink="http://www.w3.org/1999/xlink"
           xmlns:peel="http://peel.library.ualberta.ca/mods-extensions">
      <identifier xmlns="http://www.loc.gov/mods/v3" type="local">PC029319</identifier>
      <titleInfo xmlns="http://www.loc.gov/mods/v3" lang="english">
         <title>207-An Inviting Road in the Rockies</title>
      </titleInfo>
      <typeOfResource xmlns="http://www.loc.gov/mods/v3">still image</typeOfResource>
      <genre xmlns="http://www.loc.gov/mods/v3" authority="gmgpc">postcards</genre>
      <name xmlns="http://www.loc.gov/mods/v3" type="corporate">
         <namePart>Sanborn Souvenir Co.</namePart>
         <role>
            <roleTerm type="text">Publisher</roleTerm>
         </role>
      </name>
      <language xmlns="http://www.loc.gov/mods/v3">
         <languageTerm type="text">English</languageTerm>
      </language>
      <subject xmlns="http://www.loc.gov/mods/v3">
         <hierarchicalGeographic>
            <country>Canada</country>
            <province>Unknown</province>
            <city>Province,</city>
         </hierarchicalGeographic>
      </subject>
      <physicalDescription xmlns="http://www.loc.gov/mods/v3">
         <extent>1 postcard : col. ; 9 x 14 cm</extent>
      </physicalDescription>
      <note xmlns="http://www.loc.gov/mods/v3" type="public_description">Illustration of a dirt road through the wilderness and into the Rocky Mountains; accompanied by a poem</note>
      <subject xmlns="http://www.loc.gov/mods/v3">
         <topic>Mountains</topic>
      </subject>
      <subject xmlns="http://www.loc.gov/mods/v3">
         <topic>Mountain roads</topic>
      </subject>
      <subject xmlns="http://www.loc.gov/mods/v3">
         <topic>Poetry</topic>
      </subject>
      <subject xmlns="http://www.loc.gov/mods/v3">
         <topic>Tourism</topic>
      </subject>
      <note xmlns="http://www.loc.gov/mods/v3" type="public_on_back">"The West is the place for the ""Vagabond Lover"" of nature and the outdoors. Highways go nearly everywhere, even to the tops of the mountains, and quiet trails lead to secluded beauty spots away from the crowd. To roam all day and camp at night beneath the pines and aspens beside a murmuring stream at the foot of a mountain makes a perfect (Rocky Mountain) day."</note>
      <note xmlns="http://www.loc.gov/mods/v3" type="public_on_front">THE CALL OF THE TRAIL. The call of the wild is not over the sea It comes from the west, the Trail is free My automobile is the castle key That opens the western world to me. The sweep of the hills in their distant view Nor the roll of the plains I never knew Till the Call of the Trail lured me out to view The wonderful spots where the west is new.</note>
   </mods:mods>
