<?xml version="1.0" encoding="UTF-8"?>
<mods:mods xmlns:mods="http://www.loc.gov/mods/v3"
           xmlns:xsi="http://www.w3.org/2001/XMLSchema-instance"
           xmlns:xlink="http://www.w3.org/1999/xlink"
           xmlns:peel="http://peel.library.ualberta.ca/mods-extensions">
      <identifier xmlns="http://www.loc.gov/mods/v3" type="local">PC026857</identifier>
      <titleInfo xmlns="http://www.loc.gov/mods/v3" lang="english">
         <title>Canada's Golden West: Threshing Scene CANADA'S GOLDEN WEST</title>
      </titleInfo>
      <typeOfResource xmlns="http://www.loc.gov/mods/v3">still image</typeOfResource>
      <genre xmlns="http://www.loc.gov/mods/v3" authority="gmgpc">postcards</genre>
      <name xmlns="http://www.loc.gov/mods/v3" type="corporate">
         <namePart>Valentine &amp; Sons</namePart>
         <role>
            <roleTerm type="text">Publisher</roleTerm>
         </role>
      </name>
      <originInfo xmlns="http://www.loc.gov/mods/v3">
         <issuance>monographic</issuance>
         <publisher>Valentine &amp; Sons</publisher>
         <dateIssued qualifier="approximate">1910s</dateIssued>
      </originInfo>
      <language xmlns="http://www.loc.gov/mods/v3">
         <languageTerm type="text">English</languageTerm>
      </language>
      <physicalDescription xmlns="http://www.loc.gov/mods/v3">
         <extent>1 postcard: col. ; 8.5 x 13.7 cm</extent>
      </physicalDescription>
      <note xmlns="http://www.loc.gov/mods/v3" type="public_description">Coloured photograph of farmers loading a horse-drawn wagons of harvest into a threshing machine</note>
      <subject xmlns="http://www.loc.gov/mods/v3">
         <topic>Agriculture</topic>
      </subject>
      <subject xmlns="http://www.loc.gov/mods/v3">
         <topic>Farming</topic>
      </subject>
      <subject xmlns="http://www.loc.gov/mods/v3">
         <topic>Threshing</topic>
      </subject>
      <subject xmlns="http://www.loc.gov/mods/v3">
         <topic>Threshing machines</topic>
      </subject>
      <subject xmlns="http://www.loc.gov/mods/v3">
         <topic>Land settlement--Canada</topic>
      </subject>
      <note xmlns="http://www.loc.gov/mods/v3" type="public_to">Hariet[sic]</note>
      <note xmlns="http://www.loc.gov/mods/v3" type="public_message">Dear Hariet[sic] how do you like this love to all</note>
      <note xmlns="http://www.loc.gov/mods/v3" type="public_on_front">Written on photograph: 105,295 J.V.</note>
      <note xmlns="http://www.loc.gov/mods/v3" type="public_other">,</note>
   </mods:mods>
