<?xml version="1.0" encoding="UTF-8"?>
<mods:mods xmlns:mods="http://www.loc.gov/mods/v3"
           xmlns:xsi="http://www.w3.org/2001/XMLSchema-instance"
           xmlns:xlink="http://www.w3.org/1999/xlink"
           xmlns:peel="http://peel.library.ualberta.ca/mods-extensions">
      <identifier xmlns="http://www.loc.gov/mods/v3" type="local">PC022671</identifier>
      <titleInfo xmlns="http://www.loc.gov/mods/v3" lang="english">
         <title>SASKATOON SASKATCHEWAN: THE WONDER CITY</title>
      </titleInfo>
      <typeOfResource xmlns="http://www.loc.gov/mods/v3">still image</typeOfResource>
      <genre xmlns="http://www.loc.gov/mods/v3" authority="gmgpc">postcards</genre>
      <name xmlns="http://www.loc.gov/mods/v3" type="corporate">
         <namePart>Canadian Promotion Co.</namePart>
         <role>
            <roleTerm type="text">Publisher</roleTerm>
         </role>
      </name>
      <originInfo xmlns="http://www.loc.gov/mods/v3">
         <issuance>monographic</issuance>
         <publisher>Canadian Promotion Co.</publisher>
         <dateIssued qualifier="approximate">1911</dateIssued>
      </originInfo>
      <language xmlns="http://www.loc.gov/mods/v3">
         <languageTerm type="text">English</languageTerm>
      </language>
      <subject xmlns="http://www.loc.gov/mods/v3">
         <hierarchicalGeographic>
            <country>Canada</country>
            <province>Saskatchewan</province>
            <city>Saskatoon</city>
         </hierarchicalGeographic>
      </subject>
      <physicalDescription xmlns="http://www.loc.gov/mods/v3">
         <extent>1 booklet: b&amp;w ; 8.5 x 11 cm</extent>
      </physicalDescription>
      <note xmlns="http://www.loc.gov/mods/v3" type="public_description">Small booklet depicting a woman standing over a busy trainyard</note>
      <subject xmlns="http://www.loc.gov/mods/v3">
         <topic>Homesteading</topic>
      </subject>
      <subject xmlns="http://www.loc.gov/mods/v3">
         <topic>Land development</topic>
      </subject>
      <subject xmlns="http://www.loc.gov/mods/v3">
         <topic>Real estate business</topic>
      </subject>
      <subject xmlns="http://www.loc.gov/mods/v3">
         <topic>Land settlement--Canada</topic>
      </subject>
      <note xmlns="http://www.loc.gov/mods/v3" type="public_message">SASKATOON HAS over 100 Wholesale Firms. Has 16 Passenger Trains Daily arriving and departing from three Railway Stations. Has Mod-ern Water and Sewage Systems. Has 12 Modern Hotels. Has 13 Modern Schools, Churches and Theatres and Is an Up-to-Date City in Every Respect BUILDING STATISTICS 1907-$377,211 1908-$115,625 1909-$1,002,055 1910-$2,817,771 CITY ASSESSMENT 1906 $2,517,145 1907 $6,621,337 1908 $7,450,135 1909 $8,156,357 1910 $10,748,639 1911 $13,000,000 (conservatively) POPULATION 1903-113 1906-3,011 1911 (February)-over 16,000 SCHOOL ATTENDANCE 1906-296 1907-364 1908-651 1909-1,113 Feb., 1911-1,660 Can any other City in the world equal this record?</note>
      <note xmlns="http://www.loc.gov/mods/v3" type="public_on_back">G.A. MARTIN L.R. HARGREAVES Compliments of Martin &amp; Hargreaves INVESTMENT, REAL ESTATE INSURANCE BROKERS 107 HELGERSON BLK., 2ND AVENUE SASKATOON, Sask.</note>
      <note xmlns="http://www.loc.gov/mods/v3" type="public_other">,</note>
   </mods:mods>
