<?xml version="1.0" encoding="UTF-8"?>
<mods:mods xmlns:mods="http://www.loc.gov/mods/v3"
           xmlns:xsi="http://www.w3.org/2001/XMLSchema-instance"
           xmlns:xlink="http://www.w3.org/1999/xlink"
           xmlns:peel="http://peel.library.ualberta.ca/mods-extensions">
      <identifier xmlns="http://www.loc.gov/mods/v3" type="local">PC024464</identifier>
      <titleInfo xmlns="http://www.loc.gov/mods/v3" lang="english">
         <title>TAKING OUR GEESE TO MARKET AT CALGARY, ALBERTA</title>
      </titleInfo>
      <typeOfResource xmlns="http://www.loc.gov/mods/v3">still image</typeOfResource>
      <genre xmlns="http://www.loc.gov/mods/v3" authority="gmgpc">postcards</genre>
      <name xmlns="http://www.loc.gov/mods/v3" type="corporate">
         <namePart>Canadian Post Card Co.</namePart>
         <role>
            <roleTerm type="text">Publisher</roleTerm>
         </role>
      </name>
      <language xmlns="http://www.loc.gov/mods/v3">
         <languageTerm type="text">English</languageTerm>
      </language>
      <subject xmlns="http://www.loc.gov/mods/v3">
         <hierarchicalGeographic>
            <country>Canada</country>
            <province>Alberta</province>
            <city>Calgary</city>
         </hierarchicalGeographic>
      </subject>
      <physicalDescription xmlns="http://www.loc.gov/mods/v3">
         <extent>1 postcard: b&amp;w ; 8.7 x 13.7</extent>
      </physicalDescription>
      <note xmlns="http://www.loc.gov/mods/v3" type="public_description">B&amp;w photograph appearing to show two men leading roughly 12-foot-tall ducks down a road</note>
      <subject xmlns="http://www.loc.gov/mods/v3">
         <topic>Collages</topic>
      </subject>
      <subject xmlns="http://www.loc.gov/mods/v3">
         <topic>Ducks</topic>
      </subject>
      <note xmlns="http://www.loc.gov/mods/v3" type="public_to">Mr. F. Patterson</note>
      <note xmlns="http://www.loc.gov/mods/v3" type="public_from">Mary, Fred &amp; Elva</note>
      <note xmlns="http://www.loc.gov/mods/v3" type="public_address">Olds, Alta.</note>
      <note xmlns="http://www.loc.gov/mods/v3" type="public_message">Dear Freddie &amp; [Mya], We are in Calgary. We have been coming up but haven't got there yet. We are taking the folks here to Banff for week-end We will be up Mon. Rainny[sic] weather. We got in here Wed. Well be seeing you Love Mary, Fred &amp; Elva</note>
      <note xmlns="http://www.loc.gov/mods/v3" type="public_postmark_date">CALGARY JUN 8 1:30 AM 1946</note>
      <note xmlns="http://www.loc.gov/mods/v3" type="public_on_front">17</note>
   </mods:mods>
