<?xml version="1.0" encoding="UTF-8"?>
<mods:mods xmlns:mods="http://www.loc.gov/mods/v3"
           xmlns:xsi="http://www.w3.org/2001/XMLSchema-instance"
           xmlns:xlink="http://www.w3.org/1999/xlink"
           xmlns:peel="http://peel.library.ualberta.ca/mods-extensions">
      <identifier xmlns="http://www.loc.gov/mods/v3" type="local">PC023243</identifier>
      <titleInfo xmlns="http://www.loc.gov/mods/v3" lang="english">
         <title>A DISPLAY OF A MAN RIDING A HORSE</title>
      </titleInfo>
      <typeOfResource xmlns="http://www.loc.gov/mods/v3">still image</typeOfResource>
      <genre xmlns="http://www.loc.gov/mods/v3" authority="gmgpc">postcards</genre>
      <language xmlns="http://www.loc.gov/mods/v3">
         <languageTerm type="text">English</languageTerm>
      </language>
      <subject xmlns="http://www.loc.gov/mods/v3">
         <hierarchicalGeographic>
            <country>Canada</country>
            <province>Alberta</province>
            <city/>
         </hierarchicalGeographic>
      </subject>
      <physicalDescription xmlns="http://www.loc.gov/mods/v3">
         <extent>1 postcard: b&amp;w ; 8.7 x 13.7 cm</extent>
      </physicalDescription>
      <note xmlns="http://www.loc.gov/mods/v3" type="public_description">B&amp;w photograph depicting an exhibit showcasing Alberta</note>
      <subject xmlns="http://www.loc.gov/mods/v3">
         <topic>Agricultural exhibits</topic>
      </subject>
      <subject xmlns="http://www.loc.gov/mods/v3">
         <topic>Agriculture</topic>
      </subject>
      <subject xmlns="http://www.loc.gov/mods/v3">
         <topic>Land development</topic>
      </subject>
      <subject xmlns="http://www.loc.gov/mods/v3">
         <topic>Land settlement--Canada</topic>
      </subject>
      <note xmlns="http://www.loc.gov/mods/v3" type="public_to">Folks</note>
      <note xmlns="http://www.loc.gov/mods/v3" type="public_from">Department of Agriculture, Alberta Board of Trade</note>
      <note xmlns="http://www.loc.gov/mods/v3" type="public_message">Toronto, Sept. 1908 Dear Folks I have just seen the Alberta Government exhibit at the Fair. Say! They must have a great province. Wheat goes as high as 60 bushels to the acre and from 30 to 40 is common. Oats yield from 40 to 100 bushel, and barley 30 to 50 bushel. You should see the unitation wheat field, the grand display of native and tame grasses and also clovers and alfalfa. Vegetables do well there, The climate is ideal for health. Coal is found in all parts of the Province. Coal oil and natural gas are also found there. If you are interested write to the Department of Agriculture, Edmonton or the Secretary of any Alberta Board  of Trade for literature With kind regards from Yours Sincerely</note>
   </mods:mods>
