<?xml version="1.0" encoding="UTF-8"?>
<mods:mods xmlns:mods="http://www.loc.gov/mods/v3"
           xmlns:xsi="http://www.w3.org/2001/XMLSchema-instance"
           xmlns:xlink="http://www.w3.org/1999/xlink"
           xmlns:peel="http://peel.library.ualberta.ca/mods-extensions">
      <identifier xmlns="http://www.loc.gov/mods/v3" type="local">PC026858</identifier>
      <titleInfo xmlns="http://www.loc.gov/mods/v3" lang="english">
         <title>Canada's Golden West: Cutting the Grain</title>
      </titleInfo>
      <typeOfResource xmlns="http://www.loc.gov/mods/v3">still image</typeOfResource>
      <genre xmlns="http://www.loc.gov/mods/v3" authority="gmgpc">postcards</genre>
      <name xmlns="http://www.loc.gov/mods/v3" type="corporate">
         <namePart>Valentine &amp; Sons</namePart>
         <role>
            <roleTerm type="text">Publisher</roleTerm>
         </role>
      </name>
      <originInfo xmlns="http://www.loc.gov/mods/v3">
         <issuance>monographic</issuance>
         <publisher>Valentine &amp; Sons</publisher>
         <dateIssued qualifier="approximate">1910s</dateIssued>
      </originInfo>
      <language xmlns="http://www.loc.gov/mods/v3">
         <languageTerm type="text">English</languageTerm>
      </language>
      <physicalDescription xmlns="http://www.loc.gov/mods/v3">
         <extent>1 postcard: col. ; 8.5 x 13.7 cm</extent>
      </physicalDescription>
      <note xmlns="http://www.loc.gov/mods/v3" type="public_description">Coloured photograph of a team of horses pulling a grain harvester</note>
      <subject xmlns="http://www.loc.gov/mods/v3">
         <topic>Agriculture</topic>
      </subject>
      <subject xmlns="http://www.loc.gov/mods/v3">
         <topic>Farming</topic>
      </subject>
      <subject xmlns="http://www.loc.gov/mods/v3">
         <topic>Grains</topic>
      </subject>
      <subject xmlns="http://www.loc.gov/mods/v3">
         <topic>Harvesting</topic>
      </subject>
      <subject xmlns="http://www.loc.gov/mods/v3">
         <topic>Land settlement--Canada</topic>
      </subject>
      <note xmlns="http://www.loc.gov/mods/v3" type="public_to">Mr. G.G. Martin</note>
      <note xmlns="http://www.loc.gov/mods/v3" type="public_from">L.S.</note>
      <note xmlns="http://www.loc.gov/mods/v3" type="public_address">Cedar Bluffs Neb U.S.A.</note>
      <note xmlns="http://www.loc.gov/mods/v3" type="public_message">[Llodsb?] Alberta Canada Apr. 7. [Written upside-down: how is [Su]y?] Greetings. Dear folks, we are all well we have been having real nice weather since we are here till the 29 of March it commenced to snow and is still snowing, the snow is from 1 1/2 to 2 feet dee[p] on the land and it looks as if it could snow as much again some of the farmers have done some seeding we are wondering what kind of weather you are having now lets hear from you soon with love to you all your sister L.S. L.S.</note>
      <note xmlns="http://www.loc.gov/mods/v3" type="public_postmark_date">DA[?] AP 3 11 ALTA</note>
      <note xmlns="http://www.loc.gov/mods/v3" type="public_on_front">Written on photograph: 105,297 J.V.</note>
      <note xmlns="http://www.loc.gov/mods/v3" type="public_other">,</note>
   </mods:mods>
