<?xml version="1.0" encoding="UTF-8"?>
<mods:mods xmlns:mods="http://www.loc.gov/mods/v3"
           xmlns:xsi="http://www.w3.org/2001/XMLSchema-instance"
           xmlns:xlink="http://www.w3.org/1999/xlink"
           xmlns:peel="http://peel.library.ualberta.ca/mods-extensions">
      <identifier xmlns="http://www.loc.gov/mods/v3" type="local">PC026246</identifier>
      <titleInfo xmlns="http://www.loc.gov/mods/v3" lang="english">
         <title>VEN YOU KUME TO EDMONTON SHUST DON'T KICK MY DOG AROUND.</title>
      </titleInfo>
      <typeOfResource xmlns="http://www.loc.gov/mods/v3">still image</typeOfResource>
      <genre xmlns="http://www.loc.gov/mods/v3" authority="gmgpc">postcards</genre>
      <language xmlns="http://www.loc.gov/mods/v3">
         <languageTerm type="text">English</languageTerm>
      </language>
      <subject xmlns="http://www.loc.gov/mods/v3">
         <hierarchicalGeographic>
            <country>Canada</country>
            <province>Alberta</province>
            <city>Edmonton</city>
         </hierarchicalGeographic>
      </subject>
      <physicalDescription xmlns="http://www.loc.gov/mods/v3">
         <extent>1 postcard: col. ; 9 x 13.5 cm</extent>
      </physicalDescription>
      <note xmlns="http://www.loc.gov/mods/v3" type="public_description">"Orange felt flag with word ""Edmonton"" is affixed to the left side of the card; right side features an illustration of a sad child wearing clogs walking with her dog"</note>
      <subject xmlns="http://www.loc.gov/mods/v3">
         <topic>Cities &amp; towns</topic>
      </subject>
      <subject xmlns="http://www.loc.gov/mods/v3">
         <topic>Pennants</topic>
      </subject>
      <subject xmlns="http://www.loc.gov/mods/v3">
         <topic>Children</topic>
      </subject>
      <subject xmlns="http://www.loc.gov/mods/v3">
         <topic>Dogs</topic>
      </subject>
      <subject xmlns="http://www.loc.gov/mods/v3">
         <topic>Tourism</topic>
      </subject>
      <note xmlns="http://www.loc.gov/mods/v3" type="public_to">Miss F. Francis</note>
      <note xmlns="http://www.loc.gov/mods/v3" type="public_from">Eve</note>
      <note xmlns="http://www.loc.gov/mods/v3" type="public_address">P.O. Box 1136 Winnipeg Man.</note>
      <note xmlns="http://www.loc.gov/mods/v3" type="public_message">Dear Flo; If you did not send Mrs. G. the mirrors of Jan 17 &amp; 24 please send them to us as we did not get those numbers yet. Read the [magazines] today. Just arrived home from a basket ball game between Varsity 2nd team &amp; VNS. the score being 23 to 8 in favor of VNS. Eve</note>
      <note xmlns="http://www.loc.gov/mods/v3" type="public_postmark_date">EDMONTON, ALTA. FEB 20 2-PM 1913</note>
      <note xmlns="http://www.loc.gov/mods/v3" type="public_on_back">"This card may be mailed for 1c if address and greeting such as ""Yours Truly"" with signature of sender is written . If message is written also, 2c postage is required. ; Written in m.s.: Dont you think this is a good one on the card"</note>
   </mods:mods>
