<?xml version="1.0" encoding="UTF-8"?>
<mods:mods xmlns:mods="http://www.loc.gov/mods/v3"
           xmlns:xsi="http://www.w3.org/2001/XMLSchema-instance"
           xmlns:xlink="http://www.w3.org/1999/xlink"
           xmlns:peel="http://peel.library.ualberta.ca/mods-extensions">
      <identifier xmlns="http://www.loc.gov/mods/v3" type="local">PC025177</identifier>
      <titleInfo xmlns="http://www.loc.gov/mods/v3" lang="english">
         <title>THIRD ST. WEYBURN</title>
      </titleInfo>
      <typeOfResource xmlns="http://www.loc.gov/mods/v3">still image</typeOfResource>
      <genre xmlns="http://www.loc.gov/mods/v3" authority="gmgpc">postcards</genre>
      <name xmlns="http://www.loc.gov/mods/v3" type="corporate">
         <namePart>Bloom Bros.</namePart>
         <role>
            <roleTerm type="text">Publisher</roleTerm>
         </role>
      </name>
      <language xmlns="http://www.loc.gov/mods/v3">
         <languageTerm type="text">English</languageTerm>
      </language>
      <subject xmlns="http://www.loc.gov/mods/v3">
         <hierarchicalGeographic>
            <country>Canada</country>
            <province>Saskatchewan</province>
            <city>Weyburn</city>
         </hierarchicalGeographic>
      </subject>
      <physicalDescription xmlns="http://www.loc.gov/mods/v3">
         <extent>1 postcard : col. ; 9 x 14 cm</extent>
      </physicalDescription>
      <note xmlns="http://www.loc.gov/mods/v3" type="public_description">Small b&amp;w photograph of Third St. in Weyburn, Saskatchewan pasted onto a postcard; accompanied by poem </note>
      <subject xmlns="http://www.loc.gov/mods/v3">
         <topic>Poetry</topic>
      </subject>
      <subject xmlns="http://www.loc.gov/mods/v3">
         <topic>Streets</topic>
      </subject>
      <subject xmlns="http://www.loc.gov/mods/v3">
         <topic>Cities &amp; towns</topic>
      </subject>
      <subject xmlns="http://www.loc.gov/mods/v3">
         <topic>Tourism</topic>
      </subject>
      <note xmlns="http://www.loc.gov/mods/v3" type="public_to">Bert Weaver Esq</note>
      <note xmlns="http://www.loc.gov/mods/v3" type="public_from">[J Baird]</note>
      <note xmlns="http://www.loc.gov/mods/v3" type="public_address">Quappelle, Sask</note>
      <note xmlns="http://www.loc.gov/mods/v3" type="public_message">Hello Bert Just to let you know I am still one of the living. Was down to Weyburn last Wed and sure had some [?], Will write a letter in a few days [J Baird]</note>
      <note xmlns="http://www.loc.gov/mods/v3" type="public_postmark_date">LANG AP 29</note>
      <note xmlns="http://www.loc.gov/mods/v3" type="public_on_back">Written in ms.: Colfax 4/27/13</note>
      <note xmlns="http://www.loc.gov/mods/v3" type="public_on_front">I've traveled near, I've traveled far, But in all my rambles wide, A town like this, I'd never miss, I speak of it with pride.</note>
   </mods:mods>
