<?xml version="1.0" encoding="UTF-8"?>
<mods:mods xmlns:mods="http://www.loc.gov/mods/v3"
           xmlns:xsi="http://www.w3.org/2001/XMLSchema-instance"
           xmlns:xlink="http://www.w3.org/1999/xlink"
           xmlns:peel="http://peel.library.ualberta.ca/mods-extensions">
      <identifier xmlns="http://www.loc.gov/mods/v3" type="local">PC027386</identifier>
      <titleInfo xmlns="http://www.loc.gov/mods/v3" lang="english">
         <title>MR. CHAS L. ROMERIL, STERLING SETTLEMENT, SOUTH ALBERTA, CANADA</title>
      </titleInfo>
      <typeOfResource xmlns="http://www.loc.gov/mods/v3">still image</typeOfResource>
      <genre xmlns="http://www.loc.gov/mods/v3" authority="gmgpc">postcards</genre>
      <name xmlns="http://www.loc.gov/mods/v3" type="personal">
         <namePart>Canadian Department of Immigation</namePart>
         <role>
            <roleTerm type="text">Issuer</roleTerm>
         </role>
      </name>
      <language xmlns="http://www.loc.gov/mods/v3">
         <languageTerm type="text">English</languageTerm>
      </language>
      <subject xmlns="http://www.loc.gov/mods/v3">
         <hierarchicalGeographic>
            <country>Canada</country>
            <province>Alberta</province>
            <city>Stirling</city>
         </hierarchicalGeographic>
      </subject>
      <physicalDescription xmlns="http://www.loc.gov/mods/v3">
         <extent>1 postcard: col. ; 8.5 x 14 cm</extent>
      </physicalDescription>
      <note xmlns="http://www.loc.gov/mods/v3" type="public_description">Coloured photograph of a farm in the Sterling Settlement</note>
      <subject xmlns="http://www.loc.gov/mods/v3">
         <topic>Farming</topic>
      </subject>
      <subject xmlns="http://www.loc.gov/mods/v3">
         <topic>Land development</topic>
      </subject>
      <subject xmlns="http://www.loc.gov/mods/v3">
         <topic>Emigration &amp; immigration</topic>
      </subject>
      <subject xmlns="http://www.loc.gov/mods/v3">
         <topic>Agriculture</topic>
      </subject>
      <subject xmlns="http://www.loc.gov/mods/v3">
         <topic>Land settlement--Canada</topic>
      </subject>
      <note xmlns="http://www.loc.gov/mods/v3" type="public_to">Miss Leusley</note>
      <note xmlns="http://www.loc.gov/mods/v3" type="public_address">6. Castle Green Penistone Nr Sheffield</note>
      <note xmlns="http://www.loc.gov/mods/v3" type="public_message">Am delighted that you have got so near. Could you come next week-end but one; that will be Feb.16th. It will be lovely if you can, just send a s.e. &amp; say you are coming. The Social was ripping It is most bitterly cold here to day. With love S-B- Shall write next Sunday as usual just send me about coming </note>
      <note xmlns="http://www.loc.gov/mods/v3" type="public_postmark_date">ROTHERHAM 10:30 PM FE 5 06</note>
      <note xmlns="http://www.loc.gov/mods/v3" type="public_on_back">160 ACRE FARMS IN WESTERN CANADA FREE GOOD SCHOOLS. SPLENDID CLIMATE. RICH SOIL. SPLENDID PASTURAGE LAND FOR CATTLE. EXCELLENT DAIRYING. Particulars may be obtained from any CANADIAN GOVERNMENT AGENT OR FROM MR. W.D. SCOTT, Superintendent of Immigration, OTTAWA. MR. W.T.R. PRESTON, Commissioner of Emigration, 11-12 Charing Cross, LONDON, W.C. ENGLAND</note>
      <note xmlns="http://www.loc.gov/mods/v3" type="public_other">Sterling' assumed as 'Stirling'</note>
   </mods:mods>
