<?xml version="1.0" encoding="UTF-8"?>
<mods:mods xmlns:mods="http://www.loc.gov/mods/v3"
           xmlns:xsi="http://www.w3.org/2001/XMLSchema-instance"
           xmlns:xlink="http://www.w3.org/1999/xlink"
           xmlns:peel="http://peel.library.ualberta.ca/mods-extensions">
      <identifier xmlns="http://www.loc.gov/mods/v3" type="local">PC022866</identifier>
      <titleInfo xmlns="http://www.loc.gov/mods/v3" lang="english">
         <title>Cutting the Grain in Manitoba CANADA'S GOLDEN WEST</title>
      </titleInfo>
      <typeOfResource xmlns="http://www.loc.gov/mods/v3">still image</typeOfResource>
      <genre xmlns="http://www.loc.gov/mods/v3" authority="gmgpc">postcards</genre>
      <name xmlns="http://www.loc.gov/mods/v3" type="corporate">
         <namePart>Valentine &amp; Sons</namePart>
         <role>
            <roleTerm type="text">Publisher</roleTerm>
         </role>
      </name>
      <originInfo xmlns="http://www.loc.gov/mods/v3">
         <issuance>monographic</issuance>
         <publisher>Valentine &amp; Sons</publisher>
         <dateIssued qualifier="approximate">1910s</dateIssued>
      </originInfo>
      <language xmlns="http://www.loc.gov/mods/v3">
         <languageTerm type="text">English</languageTerm>
      </language>
      <subject xmlns="http://www.loc.gov/mods/v3">
         <hierarchicalGeographic>
            <country>Canada</country>
            <province>Manitoba</province>
            <city/>
         </hierarchicalGeographic>
      </subject>
      <physicalDescription xmlns="http://www.loc.gov/mods/v3">
         <extent>1 postcard: col. ; 8.5 x 13.7 cm</extent>
      </physicalDescription>
      <note xmlns="http://www.loc.gov/mods/v3" type="public_description">Coloured photograph of grain being cut by men and teams of horses; surrounded by a golden border with maple leaves</note>
      <subject xmlns="http://www.loc.gov/mods/v3">
         <topic>Agriculture</topic>
      </subject>
      <subject xmlns="http://www.loc.gov/mods/v3">
         <topic>Harvesting</topic>
      </subject>
      <subject xmlns="http://www.loc.gov/mods/v3">
         <topic>Farming</topic>
      </subject>
      <subject xmlns="http://www.loc.gov/mods/v3">
         <topic>Grains</topic>
      </subject>
      <subject xmlns="http://www.loc.gov/mods/v3">
         <topic>Land settlement--Canada</topic>
      </subject>
      <note xmlns="http://www.loc.gov/mods/v3" type="public_to">Miss [J]arvis c/o Mrs. Siss[d]o[n]</note>
      <note xmlns="http://www.loc.gov/mods/v3" type="public_address">[Mo]derdown Farm Eddington Nr. Herne Bay</note>
      <note xmlns="http://www.loc.gov/mods/v3" type="public_message">"Auntie Kate "" sends dear Phillis ""Many very happy returns of the day"" &amp; all other loving good wishes Sidcup. 11/8/1917.</note>
      <note xmlns="http://www.loc.gov/mods/v3" type="public_postmark_date">SIDCUP 2-PM 11 AU 17</note>
      <note xmlns="http://www.loc.gov/mods/v3" type="public_on_front">Written on photograph: 105,277 J.V.</note>
      <note xmlns="http://www.loc.gov/mods/v3" type="public_other">,</note>
   </mods:mods>
