<?xml version="1.0" encoding="UTF-8"?>
<mods:mods xmlns:mods="http://www.loc.gov/mods/v3"
           xmlns:xsi="http://www.w3.org/2001/XMLSchema-instance"
           xmlns:xlink="http://www.w3.org/1999/xlink"
           xmlns:peel="http://peel.library.ualberta.ca/mods-extensions">
      <identifier xmlns="http://www.loc.gov/mods/v3" type="local">PC028775</identifier>
      <titleInfo xmlns="http://www.loc.gov/mods/v3" lang="english">
         <title>If You Must Love Girls, Love Blackie Girls</title>
      </titleInfo>
      <typeOfResource xmlns="http://www.loc.gov/mods/v3">still image</typeOfResource>
      <genre xmlns="http://www.loc.gov/mods/v3" authority="gmgpc">postcards</genre>
      <language xmlns="http://www.loc.gov/mods/v3">
         <languageTerm type="text">English</languageTerm>
      </language>
      <subject xmlns="http://www.loc.gov/mods/v3">
         <hierarchicalGeographic>
            <country>Canada</country>
            <province>Alberta</province>
            <city>Blackie</city>
         </hierarchicalGeographic>
      </subject>
      <physicalDescription xmlns="http://www.loc.gov/mods/v3">
         <extent>1 postcard: col. ; 9 x 14 cm</extent>
      </physicalDescription>
      <note xmlns="http://www.loc.gov/mods/v3" type="public_description">"Illustrated flag with the word ""Blackie"" written on it; lower half of card consists of a b&amp;w photograph of a street in Blackie pasted onto the card itself"</note>
      <subject xmlns="http://www.loc.gov/mods/v3">
         <topic>Cities &amp; towns</topic>
      </subject>
      <subject xmlns="http://www.loc.gov/mods/v3">
         <topic>Pennants</topic>
      </subject>
      <subject xmlns="http://www.loc.gov/mods/v3">
         <topic>Tourism</topic>
      </subject>
      <note xmlns="http://www.loc.gov/mods/v3" type="public_to">Mr. + Mrs James Shearer</note>
      <note xmlns="http://www.loc.gov/mods/v3" type="public_from">Belle</note>
      <note xmlns="http://www.loc.gov/mods/v3" type="public_address">Bogeman, Mont. R.7.U. #1</note>
      <note xmlns="http://www.loc.gov/mods/v3" type="public_message">Just a line to let you know I am still on the map. I suppose you are busy with chickens and garden Why don't you write? With love, Belle.</note>
      <note xmlns="http://www.loc.gov/mods/v3" type="public_postmark_date">BLACKIE AM JUN 19 14 ALTA</note>
      <note xmlns="http://www.loc.gov/mods/v3" type="public_on_front">Written on photo: STREET SCENE BLACKIE ALTA.</note>
   </mods:mods>
