<?xml version="1.0" encoding="UTF-8"?>
<mods:mods xmlns:mods="http://www.loc.gov/mods/v3"
           xmlns:xsi="http://www.w3.org/2001/XMLSchema-instance"
           xmlns:xlink="http://www.w3.org/1999/xlink"
           xmlns:peel="http://peel.library.ualberta.ca/mods-extensions">
      <identifier xmlns="http://www.loc.gov/mods/v3" type="local">PC022010</identifier>
      <titleInfo xmlns="http://www.loc.gov/mods/v3" lang="english">
         <title>The country roads are chust fine around Hartney</title>
      </titleInfo>
      <typeOfResource xmlns="http://www.loc.gov/mods/v3">still image</typeOfResource>
      <genre xmlns="http://www.loc.gov/mods/v3" authority="gmgpc">postcards</genre>
      <language xmlns="http://www.loc.gov/mods/v3">
         <languageTerm type="text">English</languageTerm>
      </language>
      <subject xmlns="http://www.loc.gov/mods/v3">
         <hierarchicalGeographic>
            <country>Canada</country>
            <province>Manitoba</province>
            <city>Hartney</city>
         </hierarchicalGeographic>
      </subject>
      <physicalDescription xmlns="http://www.loc.gov/mods/v3">
         <extent>1 postcard: col. ; 9 x 14 cm</extent>
      </physicalDescription>
      <note xmlns="http://www.loc.gov/mods/v3" type="public_description">"Illustrated flag with the word ""Hartney"" as well as an illustration of a child wearing clogs on it; the bottom-right of the card features an illustration of a country scene"</note>
      <subject xmlns="http://www.loc.gov/mods/v3">
         <topic>Cities &amp; towns</topic>
      </subject>
      <subject xmlns="http://www.loc.gov/mods/v3">
         <topic>Children</topic>
      </subject>
      <subject xmlns="http://www.loc.gov/mods/v3">
         <topic>Pennants</topic>
      </subject>
      <subject xmlns="http://www.loc.gov/mods/v3">
         <topic>Tourism</topic>
      </subject>
      <note xmlns="http://www.loc.gov/mods/v3" type="public_to">Miss Edna Sanderson</note>
      <note xmlns="http://www.loc.gov/mods/v3" type="public_address">Caman Man.</note>
      <note xmlns="http://www.loc.gov/mods/v3" type="public_message">Congratulations to you I think you might take a trip up now</note>
      <note xmlns="http://www.loc.gov/mods/v3" type="public_postmark_date">HARTNEY JUL 30 17 MAN.</note>
      <note xmlns="http://www.loc.gov/mods/v3" type="public_on_front">Written in m.s.: why didn't you call n try them</note>
   </mods:mods>
