<?xml version="1.0" encoding="UTF-8"?>
<mods:mods xmlns:mods="http://www.loc.gov/mods/v3"
           xmlns:xsi="http://www.w3.org/2001/XMLSchema-instance"
           xmlns:xlink="http://www.w3.org/1999/xlink"
           xmlns:peel="http://peel.library.ualberta.ca/mods-extensions">
      <identifier xmlns="http://www.loc.gov/mods/v3" type="local">PC026245</identifier>
      <titleInfo xmlns="http://www.loc.gov/mods/v3" lang="english">
         <title>I VILL BE TICKLED TO SEE YOU IN EDMONTON ACH! SUCH A TIME, VAT?</title>
      </titleInfo>
      <typeOfResource xmlns="http://www.loc.gov/mods/v3">still image</typeOfResource>
      <genre xmlns="http://www.loc.gov/mods/v3" authority="gmgpc">postcards</genre>
      <language xmlns="http://www.loc.gov/mods/v3">
         <languageTerm type="text">English</languageTerm>
      </language>
      <subject xmlns="http://www.loc.gov/mods/v3">
         <hierarchicalGeographic>
            <country>Canada</country>
            <province>Alberta</province>
            <city>Edmonton</city>
         </hierarchicalGeographic>
      </subject>
      <physicalDescription xmlns="http://www.loc.gov/mods/v3">
         <extent>1 postcard: col. ; 9 x 13.5 cm</extent>
      </physicalDescription>
      <note xmlns="http://www.loc.gov/mods/v3" type="public_description">"Orange felt flag with word ""Edmonton"" is affixed to the left side of the card; right side features an illustration of a man wearing clogs and sitting on a chair"</note>
      <subject xmlns="http://www.loc.gov/mods/v3">
         <topic>Cities &amp; towns</topic>
      </subject>
      <subject xmlns="http://www.loc.gov/mods/v3">
         <topic>Pennants</topic>
      </subject>
      <subject xmlns="http://www.loc.gov/mods/v3">
         <topic>Tourism</topic>
      </subject>
      <note xmlns="http://www.loc.gov/mods/v3" type="public_to">Miss F. Francis</note>
      <note xmlns="http://www.loc.gov/mods/v3" type="public_from">Eve</note>
      <note xmlns="http://www.loc.gov/mods/v3" type="public_address">P.O. Box 1136 Winnipeg Man.</note>
      <note xmlns="http://www.loc.gov/mods/v3" type="public_message">Dear Flo: - How do you like the card? I got my exam paper from you today. Well I don't feel so discouraged for[e scratched out] we have French grammar next and I am going to try and make 100 out of 100. It is awfully cold today. I went over  to Perre[c]s' last night and I am invited to Walter's birthday party.</note>
      <note xmlns="http://www.loc.gov/mods/v3" type="public_postmark_date">EDMONTON, ALTA. FEB 16 6:30 PM 1918</note>
      <note xmlns="http://www.loc.gov/mods/v3" type="public_on_back">"This card may be mailed for 1c if address and greeting such as ""Yours Truly"" with signature of sender is written . If message is written also, 2c postage is required. ; Written in m.s.: Dont you think this is a good one on the card"</note>
   </mods:mods>
