<?xml version="1.0" encoding="UTF-8"?>
<mods:mods xmlns:mods="http://www.loc.gov/mods/v3"
           xmlns:xsi="http://www.w3.org/2001/XMLSchema-instance"
           xmlns:xlink="http://www.w3.org/1999/xlink"
           xmlns:peel="http://peel.library.ualberta.ca/mods-extensions">
      <identifier xmlns="http://www.loc.gov/mods/v3" type="local">PC023513</identifier>
      <titleInfo xmlns="http://www.loc.gov/mods/v3" lang="english">
         <title>A LOAD OF ALBERTA GROWN POTATOES</title>
      </titleInfo>
      <typeOfResource xmlns="http://www.loc.gov/mods/v3">still image</typeOfResource>
      <genre xmlns="http://www.loc.gov/mods/v3" authority="gmgpc">postcards</genre>
      <name xmlns="http://www.loc.gov/mods/v3" type="corporate">
         <namePart>Progress Photo Co.</namePart>
         <role>
            <roleTerm type="text">Publisher</roleTerm>
         </role>
      </name>
      <language xmlns="http://www.loc.gov/mods/v3">
         <languageTerm type="text">English</languageTerm>
      </language>
      <subject xmlns="http://www.loc.gov/mods/v3">
         <hierarchicalGeographic>
            <country>Canada</country>
            <province>Alberta</province>
            <city/>
         </hierarchicalGeographic>
      </subject>
      <physicalDescription xmlns="http://www.loc.gov/mods/v3">
         <extent>1 postcard: b&amp;w ; 8.5 x 14 cm</extent>
      </physicalDescription>
      <note xmlns="http://www.loc.gov/mods/v3" type="public_description">B&amp;w photograph appearing to show a horse-drawn cart carrying oversized potatoes</note>
      <subject xmlns="http://www.loc.gov/mods/v3">
         <topic>Collages</topic>
      </subject>
      <subject xmlns="http://www.loc.gov/mods/v3">
         <topic>Potatoes</topic>
      </subject>
      <subject xmlns="http://www.loc.gov/mods/v3">
         <topic>Transportation</topic>
      </subject>
      <note xmlns="http://www.loc.gov/mods/v3" type="public_to">Master Euqeur A[lick]</note>
      <note xmlns="http://www.loc.gov/mods/v3" type="public_address">South Beach Jud. 1151 Vestula Ave</note>
      <note xmlns="http://www.loc.gov/mods/v3" type="public_message">Darling Honour Boy These are big potatoes aren't they I think our would last us gardening and supper. Today X was out shooting ducks - [Got] about 20 - they were worth 100 [cute] get [study] [we] [muddle] [lahe] &amp; I didn't ban a [vash] so Jim got there around the [?] Hope you are having lots of [fun] Your loving Papa</note>
      <note xmlns="http://www.loc.gov/mods/v3" type="public_postmark_date">CALGARY, ALTA. AUG 26 9-AM 1910</note>
      <note xmlns="http://www.loc.gov/mods/v3" type="public_on_front">No 84.</note>
   </mods:mods>
