<?xml version="1.0" encoding="UTF-8"?>
<mods:mods xmlns:mods="http://www.loc.gov/mods/v3"
           xmlns:xsi="http://www.w3.org/2001/XMLSchema-instance"
           xmlns:xlink="http://www.w3.org/1999/xlink"
           xmlns:peel="http://peel.library.ualberta.ca/mods-extensions">
      <identifier xmlns="http://www.loc.gov/mods/v3" type="local">PC034218</identifier>
      <titleInfo xmlns="http://www.loc.gov/mods/v3" lang="english">
         <title>I AM HAVING A HIGH TIME IN WINNIPEG.</title>
      </titleInfo>
      <typeOfResource xmlns="http://www.loc.gov/mods/v3">still image</typeOfResource>
      <genre xmlns="http://www.loc.gov/mods/v3" authority="gmgpc">postcards</genre>
      <language xmlns="http://www.loc.gov/mods/v3">
         <languageTerm type="text">English</languageTerm>
      </language>
      <subject xmlns="http://www.loc.gov/mods/v3">
         <hierarchicalGeographic>
            <country>Canada</country>
            <province>Manitoba</province>
            <city>Winnipeg</city>
         </hierarchicalGeographic>
      </subject>
      <physicalDescription xmlns="http://www.loc.gov/mods/v3">
         <extent>1 postcard: sepia ; 8.3 x 14 cm</extent>
      </physicalDescription>
      <note xmlns="http://www.loc.gov/mods/v3" type="public_description">B&amp;w photograph of a street in Winnipeg; has been manipulated to appear as if two airplanes are flying low within the city</note>
      <subject xmlns="http://www.loc.gov/mods/v3">
         <topic>Collages</topic>
      </subject>
      <subject xmlns="http://www.loc.gov/mods/v3">
         <topic>Streets</topic>
      </subject>
      <subject xmlns="http://www.loc.gov/mods/v3">
         <topic>Airplanes</topic>
      </subject>
   </mods:mods>
