<?xml version="1.0" encoding="UTF-8"?>
<mods:mods xmlns:mods="http://www.loc.gov/mods/v3"
           xmlns:xsi="http://www.w3.org/2001/XMLSchema-instance"
           xmlns:xlink="http://www.w3.org/1999/xlink"
           xmlns:peel="http://peel.library.ualberta.ca/mods-extensions">
      <identifier xmlns="http://www.loc.gov/mods/v3" type="local">PC030375</identifier>
      <titleInfo xmlns="http://www.loc.gov/mods/v3" lang="english">
         <title>PICKING CORN CANADIAN HOMESTEAD LIFE</title>
      </titleInfo>
      <typeOfResource xmlns="http://www.loc.gov/mods/v3">still image</typeOfResource>
      <genre xmlns="http://www.loc.gov/mods/v3" authority="gmgpc">postcards</genre>
      <name xmlns="http://www.loc.gov/mods/v3" type="corporate">
         <namePart>Valentine &amp; Sons</namePart>
         <role>
            <roleTerm type="text">Publisher</roleTerm>
         </role>
      </name>
      <originInfo xmlns="http://www.loc.gov/mods/v3">
         <issuance>monographic</issuance>
         <publisher>Valentine &amp; Sons</publisher>
         <dateIssued qualifier="approximate">1910s</dateIssued>
      </originInfo>
      <language xmlns="http://www.loc.gov/mods/v3">
         <languageTerm type="text">English</languageTerm>
      </language>
      <physicalDescription xmlns="http://www.loc.gov/mods/v3">
         <extent>1 postcard: col. ; 8.5 x 13.7 cm</extent>
      </physicalDescription>
      <note xmlns="http://www.loc.gov/mods/v3" type="public_description">Coloured photograph of a woman picking corn in a tall field</note>
      <subject xmlns="http://www.loc.gov/mods/v3">
         <topic>Agriculture</topic>
      </subject>
      <subject xmlns="http://www.loc.gov/mods/v3">
         <topic>Farming</topic>
      </subject>
      <subject xmlns="http://www.loc.gov/mods/v3">
         <topic>Women</topic>
      </subject>
      <subject xmlns="http://www.loc.gov/mods/v3">
         <topic>Homesteading</topic>
      </subject>
      <note xmlns="http://www.loc.gov/mods/v3" type="public_to">Madamoiselle A. Vincent</note>
      <note xmlns="http://www.loc.gov/mods/v3" type="public_from">Carméline</note>
      <note xmlns="http://www.loc.gov/mods/v3" type="public_address">93 Third Street Auburn Maine U.S.A.</note>
      <note xmlns="http://www.loc.gov/mods/v3" type="public_message">J'ai eu beaucoup de visiteurs et Madame Morenoy, ma fille est venue ici avec une servante et 2 bébés - Cela faisait beau-coup de trouble et le bébé d'un an est mort pendant qu'elle était ici ce qui fait que j'ai été forcée de mettre bien des choses de côté - salut amical. Carméline</note>
      <note xmlns="http://www.loc.gov/mods/v3" type="public_on_front">Written on photograph: 103,035 J.V.</note>
      <note xmlns="http://www.loc.gov/mods/v3" type="public_other">English translation (could be improved): I had a lot of visitors and Mrs. Morenoy, my daughter came here with a maid and 2 babies - It was a lot of trouble and the one year old baby died while she was here so I I was forced to put a lot of things aside - hi friendly. Carmeline,</note>
   </mods:mods>
