<?xml version="1.0" encoding="UTF-8"?>
<mods:mods xmlns:mods="http://www.loc.gov/mods/v3"
           xmlns:xsi="http://www.w3.org/2001/XMLSchema-instance"
           xmlns:xlink="http://www.w3.org/1999/xlink"
           xmlns:peel="http://peel.library.ualberta.ca/mods-extensions">
      <identifier xmlns="http://www.loc.gov/mods/v3" type="local">PC034930</identifier>
      <titleInfo xmlns="http://www.loc.gov/mods/v3" lang="english">
         <title>I HAF A FELLER IN Baldur DOT ISS DE LUFLIEST DOT YET VOS.</title>
      </titleInfo>
      <typeOfResource xmlns="http://www.loc.gov/mods/v3">still image</typeOfResource>
      <genre xmlns="http://www.loc.gov/mods/v3" authority="gmgpc">postcards</genre>
      <language xmlns="http://www.loc.gov/mods/v3">
         <languageTerm type="text">English</languageTerm>
      </language>
      <subject xmlns="http://www.loc.gov/mods/v3">
         <hierarchicalGeographic>
            <country>Canada</country>
            <province>Manitoba</province>
            <city>Baldur</city>
         </hierarchicalGeographic>
      </subject>
      <physicalDescription xmlns="http://www.loc.gov/mods/v3">
         <extent>1 postcard: col. ; 9 x 14 cm</extent>
      </physicalDescription>
      <note xmlns="http://www.loc.gov/mods/v3" type="public_description">Illustrated flag and young girl in Dutch clothing</note>
      <subject xmlns="http://www.loc.gov/mods/v3">
         <topic>Cities &amp; towns</topic>
      </subject>
      <subject xmlns="http://www.loc.gov/mods/v3">
         <topic>Children</topic>
      </subject>
      <subject xmlns="http://www.loc.gov/mods/v3">
         <topic>Pennants</topic>
      </subject>
      <subject xmlns="http://www.loc.gov/mods/v3">
         <topic>Courtship</topic>
      </subject>
      <subject xmlns="http://www.loc.gov/mods/v3">
         <topic>Tourism</topic>
      </subject>
      <note xmlns="http://www.loc.gov/mods/v3" type="public_to">Clara</note>
      <note xmlns="http://www.loc.gov/mods/v3" type="public_from">[Irma?]</note>
      <note xmlns="http://www.loc.gov/mods/v3" type="public_message">"Baldur Man. Oct. 27/15. Dearest Clara - thanks ever so much for your nice letter rec. this afternoon. We are fine + having a good time. We expect to come home the first of next  week either on Mon. or Sun. We are going to the city on Sat. Will you ask John Roblin to keep an eye on everything around the house especially the wagons on Sat. night ""Halloween"" in case the kids get mischievious around there. It drizzled all day Sun. here and a howling snow storm on mtn. until into the afternoon when it cleared up. That put a stop to the threshing for a while I'm making a bureau scarf out of embroidered hand[?] + lace. I think it's going to be pretty. I knitted a lace which I intend to have around a doily and that bag I told you about and that's all I've done. Lazy, eh? Kind regards to all from us [?] and love to you from Your loving [Irma?]"</note>
   </mods:mods>
