<?xml version="1.0" encoding="UTF-8"?>
<mods:mods xmlns:mods="http://www.loc.gov/mods/v3"
           xmlns:xsi="http://www.w3.org/2001/XMLSchema-instance"
           xmlns:xlink="http://www.w3.org/1999/xlink"
           xmlns:peel="http://peel.library.ualberta.ca/mods-extensions">
      <identifier xmlns="http://www.loc.gov/mods/v3" type="local">PC032366</identifier>
      <titleInfo xmlns="http://www.loc.gov/mods/v3" lang="english">
         <title>ESTEVAN Chust chase your self to dis town undt make me gladt.</title>
      </titleInfo>
      <typeOfResource xmlns="http://www.loc.gov/mods/v3">still image</typeOfResource>
      <genre xmlns="http://www.loc.gov/mods/v3" authority="gmgpc">postcards</genre>
      <language xmlns="http://www.loc.gov/mods/v3">
         <languageTerm type="text">English</languageTerm>
      </language>
      <subject xmlns="http://www.loc.gov/mods/v3">
         <hierarchicalGeographic>
            <country>Canada</country>
            <province>Saskatchewan</province>
            <city>Estevan</city>
         </hierarchicalGeographic>
      </subject>
      <physicalDescription xmlns="http://www.loc.gov/mods/v3">
         <extent>1 postcard : col. ; 9 x 14 cm</extent>
      </physicalDescription>
      <note xmlns="http://www.loc.gov/mods/v3" type="public_description">Illustration of a child with an open mouth ; dressed in traditional Dutch clothing</note>
      <subject xmlns="http://www.loc.gov/mods/v3">
         <topic>Cities &amp; towns</topic>
      </subject>
      <subject xmlns="http://www.loc.gov/mods/v3">
         <topic>Children</topic>
      </subject>
      <subject xmlns="http://www.loc.gov/mods/v3">
         <topic>Pennants</topic>
      </subject>
      <subject xmlns="http://www.loc.gov/mods/v3">
         <topic>Tourism</topic>
      </subject>
      <note xmlns="http://www.loc.gov/mods/v3" type="public_to">Mrs. A. Johnston</note>
      <note xmlns="http://www.loc.gov/mods/v3" type="public_from">Lily B[ev]a[u]</note>
      <note xmlns="http://www.loc.gov/mods/v3" type="public_address">R.R. No. [I]. Chilliwack, B.C.</note>
      <note xmlns="http://www.loc.gov/mods/v3" type="public_message">Sep. 2, 1915. Dear Auntie + All: - just writing you for the address of those heart's tablets as a young girl up here is dying from blockage of the heart and they seem to find no ease at all. If you have a very few they would perhaps do her some good and her folks will appreciate it and pay you. As ever - Lily Bevau.</note>
      <note xmlns="http://www.loc.gov/mods/v3" type="public_postmark_date">[NOR. PORT. N.M.R.P.O.] 13 SP 3 15</note>
      <note xmlns="http://www.loc.gov/mods/v3" type="public_on_front">6509</note>
   </mods:mods>
