<?xml version="1.0" encoding="UTF-8"?>
<mods:mods xmlns:mods="http://www.loc.gov/mods/v3"
           xmlns:xsi="http://www.w3.org/2001/XMLSchema-instance"
           xmlns:xlink="http://www.w3.org/1999/xlink"
           xmlns:peel="http://peel.library.ualberta.ca/mods-extensions">
      <identifier xmlns="http://www.loc.gov/mods/v3" type="local">PC034947</identifier>
      <titleInfo xmlns="http://www.loc.gov/mods/v3" lang="english">
         <title>When you want to forget your troubles CYPRESS RIVER MAN. is the place for you.</title>
      </titleInfo>
      <typeOfResource xmlns="http://www.loc.gov/mods/v3">still image</typeOfResource>
      <genre xmlns="http://www.loc.gov/mods/v3" authority="gmgpc">postcards</genre>
      <language xmlns="http://www.loc.gov/mods/v3">
         <languageTerm type="text">English</languageTerm>
      </language>
      <subject xmlns="http://www.loc.gov/mods/v3">
         <hierarchicalGeographic>
            <country>Canada</country>
            <province>Manitoba</province>
            <city>Cypress</city>
         </hierarchicalGeographic>
      </subject>
      <physicalDescription xmlns="http://www.loc.gov/mods/v3">
         <extent>1 postcard: col. ; 9 x 14 cm</extent>
      </physicalDescription>
      <note xmlns="http://www.loc.gov/mods/v3" type="public_description">Colourised photograph of a country lane in Cypress River, Manitoba is set to the left of a yellow flag with the town's name on it; all sit on a background of a blue sky</note>
      <subject xmlns="http://www.loc.gov/mods/v3">
         <topic>Cities &amp; towns</topic>
      </subject>
      <subject xmlns="http://www.loc.gov/mods/v3">
         <topic>Rural areas</topic>
      </subject>
      <subject xmlns="http://www.loc.gov/mods/v3">
         <topic>Pennants</topic>
      </subject>
      <subject xmlns="http://www.loc.gov/mods/v3">
         <topic>Tourism</topic>
      </subject>
      <note xmlns="http://www.loc.gov/mods/v3" type="public_from">Beno</note>
      <note xmlns="http://www.loc.gov/mods/v3" type="public_message">Un baiser pour toi Et le bonjour a toute la famille</note>
      <note xmlns="http://www.loc.gov/mods/v3" type="public_on_back">Written in m.s.: 3</note>
      <note xmlns="http://www.loc.gov/mods/v3" type="public_on_front">Written in m.s.: 27 Oct. 1924</note>
      <note xmlns="http://www.loc.gov/mods/v3" type="public_other">Rough translation: A kiss for you and hello to the whole family</note>
   </mods:mods>
