<?xml version="1.0" encoding="UTF-8"?>
<mods:mods xmlns:mods="http://www.loc.gov/mods/v3"
           xmlns:xsi="http://www.w3.org/2001/XMLSchema-instance"
           xmlns:xlink="http://www.w3.org/1999/xlink"
           xmlns:peel="http://peel.library.ualberta.ca/mods-extensions">
      <identifier xmlns="http://www.loc.gov/mods/v3" type="local">PC035413</identifier>
      <titleInfo xmlns="http://www.loc.gov/mods/v3" lang="english">
         <title>There's a girl in Bosissevain That's got me going</title>
      </titleInfo>
      <typeOfResource xmlns="http://www.loc.gov/mods/v3">still image</typeOfResource>
      <genre xmlns="http://www.loc.gov/mods/v3" authority="gmgpc">postcards</genre>
      <language xmlns="http://www.loc.gov/mods/v3">
         <languageTerm type="text">English</languageTerm>
      </language>
      <subject xmlns="http://www.loc.gov/mods/v3">
         <hierarchicalGeographic>
            <country>Canada</country>
            <province>Manitoba</province>
            <city>Boissevain</city>
         </hierarchicalGeographic>
      </subject>
      <physicalDescription xmlns="http://www.loc.gov/mods/v3">
         <extent>1 postcard: col. ; 8.7 x 14 cm</extent>
      </physicalDescription>
      <note xmlns="http://www.loc.gov/mods/v3" type="public_description">"Green felt flag with the word ""Bosissevain"" written on it affixed to the card; accompanied by a b&amp;w photograph of a couple standing together under an umbrella on the right"</note>
      <subject xmlns="http://www.loc.gov/mods/v3">
         <topic>Cities &amp; towns</topic>
      </subject>
      <subject xmlns="http://www.loc.gov/mods/v3">
         <topic>Pennants</topic>
      </subject>
      <subject xmlns="http://www.loc.gov/mods/v3">
         <topic>Couples</topic>
      </subject>
      <subject xmlns="http://www.loc.gov/mods/v3">
         <topic>Courtship</topic>
      </subject>
      <subject xmlns="http://www.loc.gov/mods/v3">
         <topic>Tourism</topic>
      </subject>
      <note xmlns="http://www.loc.gov/mods/v3" type="public_to">Mrs. Annie Burns</note>
      <note xmlns="http://www.loc.gov/mods/v3" type="public_from">Hes</note>
      <note xmlns="http://www.loc.gov/mods/v3" type="public_address">610-6 ave. N Saskatoon, Sask</note>
      <note xmlns="http://www.loc.gov/mods/v3" type="public_message">Boissevain Man Sept 12 19/13 Dear Annie Just a line hoping you are well. I received your card safely. Suppose you are having a big time out there Well I am having one time to. How do you like anyway I like it pretty well but not working for some one else. Willard and I are working together as S Browns, Well bye bye Hes</note>
      <note xmlns="http://www.loc.gov/mods/v3" type="public_postmark_date">BOISSEVAIN AM SP 23 12 MAN.</note>
   </mods:mods>
