<?xml version="1.0" encoding="UTF-8"?>
<mods:mods xmlns:mods="http://www.loc.gov/mods/v3"
           xmlns:xsi="http://www.w3.org/2001/XMLSchema-instance"
           xmlns:xlink="http://www.w3.org/1999/xlink"
           xmlns:peel="http://peel.library.ualberta.ca/mods-extensions">
      <identifier xmlns="http://www.loc.gov/mods/v3" type="local">PC030647</identifier>
      <titleInfo xmlns="http://www.loc.gov/mods/v3" lang="english">
         <title>BIRTLE MANITOBA CANADA</title>
      </titleInfo>
      <typeOfResource xmlns="http://www.loc.gov/mods/v3">still image</typeOfResource>
      <genre xmlns="http://www.loc.gov/mods/v3" authority="gmgpc">postcards</genre>
      <language xmlns="http://www.loc.gov/mods/v3">
         <languageTerm type="text">English</languageTerm>
      </language>
      <subject xmlns="http://www.loc.gov/mods/v3">
         <hierarchicalGeographic>
            <country>Canada</country>
            <province>Alberta</province>
            <city>Birtle</city>
         </hierarchicalGeographic>
      </subject>
      <physicalDescription xmlns="http://www.loc.gov/mods/v3">
         <extent>1 postcard: b&amp;w ; 9 x 14 cm</extent>
      </physicalDescription>
      <note xmlns="http://www.loc.gov/mods/v3" type="public_description">B&amp;w aerial photograph of Birtle Manitoba is situated above a block of text</note>
      <subject xmlns="http://www.loc.gov/mods/v3">
         <topic>Tourism</topic>
      </subject>
      <note xmlns="http://www.loc.gov/mods/v3" type="public_on_front">BIRTLE MANITOBA CANADA IS SITUATED 200 MILES NORTHWEST OF THE CITY OF WINNIPEG. IT IS IN THE HEART OF THE BEST FARMING DISTRICT IN NOTH-WESTERN MANITOBA. THE WORLDS PRIZES FOR WHEAT OATS AND RYE WERE WON BY THIS DISTRICT. THE TOWN ITSELF IS SITUATED IN THE PICTURESQUE VALLEY OF THE BIRDTAIL RIVER. THIS STREAM IS CAPABLE OF PRODUCING CONSIDERABLE WATER-POWER. AUTOISTS AND TOURISTS ARE INVITED TO MAKE THIS A STOPPING PLACE. SEVERAL BEAUTIFUL SPOTS ARE AVAILABLE TO CAMPERS. THE FAMOUS BIRTLE SPRING WILL SUPPLY ALL THE LIQUID REFRESHMENTS REQUIRED. APPLY- A.E.QUELCH SECY. OR J.W. PRATT MAYOR.</note>
      <note xmlns="http://www.loc.gov/mods/v3" type="public_other">,</note>
   </mods:mods>
